First Term Gpa,Second Term Gpa,First Language,Funding,School,Fast Track,Coop,Residency,Gender,Previous Education,Age Group,High School Average Mark,Math Score,English Grade,FirstYearPersistence
0.0,0.0,1.0,2.0,6.0,2.0,1.0,1.0,2.0,1.0,1.0,59.0,16.0,7.0,1.0
2.5,2.0,3.0,4.0,6.0,1.0,2.0,2.0,2.0,1.0,3.0,72.99,30.34,7.0,1.0
4.25,3.923077,1.0,1.0,6.0,2.0,1.0,1.0,1.0,2.0,3.0,92.0,41.0,9.0,1.0
3.020833,2.321429,3.0,4.0,6.0,1.0,2.0,2.0,2.0,2.0,3.0,76.2,34.02,8.0,1.0
4.275,4.326923,1.0,2.0,6.0,1.0,1.0,1.0,1.0,2.0,3.0,97.0,42.69,9.0,1.0
4.357143,4.326087,1.0,2.0,6.0,2.0,1.0,1.0,2.0,2.0,3.0,101.0,45.0,9.0,1.0
2.210526,1.375,1.0,2.0,6.0,2.0,1.0,1.0,2.0,1.0,1.0,68.0,20.0,7.0,0.0
2.045455,2.961538,1.0,2.0,6.0,2.0,1.0,1.0,2.0,1.0,1.0,79.0,34.0,9.0,1.0
4.285714,3.608696,1.0,2.0,6.0,2.0,1.0,1.0,1.0,1.0,2.0,98.0,39.0,9.0,1.0
2.863636,1.3,1.0,2.0,6.0,2.0,1.0,1.0,2.0,1.0,1.0,78.0,29.0,7.0,1.0
2.75,2.75,3.0,4.0,6.0,1.0,2.0,2.0,2.0,2.0,3.0,81.1,41.0,8.0,1.0
2.125,2.136364,1.0,2.0,6.0,2.0,1.0,1.0,2.0,1.0,2.0,73.0,18.0,7.0,1.0
1.46,0.0,1.0,2.0,6.0,2.0,2.0,1.0,2.0,1.0,1.0,81.0,17.0,9.0,1.0
4.421053,4.315789,1.0,2.0,6.0,2.0,2.0,1.0,2.0,1.0,4.0,95.0,38.0,7.0,1.0
3.717391,3.895833,3.0,4.0,6.0,1.0,2.0,2.0,2.0,2.0,3.0,93.42,46.01,10.0,1.0
4.233333,4.277778,1.0,2.0,6.0,2.0,2.0,1.0,1.0,2.0,8.0,95.38,40.92,9.0,1.0
3.413043,3.346154,3.0,8.0,6.0,1.0,2.0,1.0,2.0,2.0,8.0,73.45,30.93,7.0,1.0
3.375,3.696429,3.0,4.0,6.0,1.0,2.0,2.0,2.0,2.0,3.0,83.0,39.42,4.0,1.0
3.785714,3.431818,3.0,4.0,6.0,2.0,2.0,2.0,2.0,1.0,3.0,83.57,48.0,10.0,1.0
3.58,3.346154,3.0,4.0,6.0,1.0,2.0,2.0,2.0,2.0,3.0,81.28,36.53,8.0,1.0
3.086957,2.65625,1.0,2.0,6.0,2.0,2.0,1.0,2.0,1.0,1.0,80.0,28.0,9.0,0.0
4.5,4.421053,1.0,2.0,6.0,2.0,2.0,1.0,1.0,2.0,3.0,97.87,32.0,9.0,1.0
3.6,3.190476,3.0,4.0,6.0,1.0,2.0,2.0,1.0,1.0,3.0,79.1,43.49,9.0,1.0
3.425,3.175,3.0,4.0,6.0,2.0,2.0,2.0,2.0,2.0,3.0,74.66,43.17,8.0,1.0
3.770833,3.5,3.0,4.0,6.0,2.0,2.0,2.0,2.0,1.0,2.0,85.9,48.0,9.0,1.0
2.071429,3.166667,3.0,2.0,6.0,2.0,1.0,1.0,2.0,2.0,6.0,77.09,41.0,8.0,1.0
2.55,3.022727,3.0,2.0,6.0,1.0,2.0,1.0,2.0,2.0,8.0,75.29,30.46,8.0,1.0
3.782609,3.269231,3.0,4.0,6.0,1.0,2.0,2.0,1.0,2.0,2.0,88.7,44.89,8.0,1.0
3.979167,4.037037,3.0,4.0,6.0,1.0,1.0,2.0,1.0,2.0,3.0,93.97,45.27,7.0,1.0
2.645833,3.020833,3.0,4.0,6.0,2.0,2.0,2.0,2.0,2.0,1.0,74.62,39.0,8.0,1.0
4.5,4.5,1.0,2.0,6.0,2.0,2.0,1.0,2.0,2.0,3.0,97.0,43.0,9.0,1.0
3.065217,3.210526,3.0,2.0,6.0,2.0,1.0,1.0,1.0,0.0,4.0,75.14,26.0,9.0,1.0
2.125,1.409091,3.0,2.0,6.0,2.0,2.0,1.0,2.0,1.0,2.0,81.0,31.0,9.0,0.0
1.6,2.566667,1.0,2.0,6.0,2.0,1.0,1.0,2.0,1.0,2.0,68.0,21.0,7.0,1.0
4.225,4.428571,3.0,4.0,6.0,2.0,2.0,2.0,1.0,1.0,1.0,90.95,46.0,9.0,1.0
3.595238,3.0,3.0,4.0,6.0,2.0,2.0,2.0,2.0,1.0,2.0,83.95,48.0,8.0,1.0
3.82,3.611111,1.0,2.0,6.0,2.0,2.0,1.0,2.0,1.0,3.0,85.0,20.0,9.0,1.0
3.928571,4.190476,1.0,2.0,6.0,2.0,2.0,1.0,1.0,2.0,4.0,85.83,40.0,9.0,1.0
2.565217,2.153846,1.0,1.0,6.0,2.0,1.0,1.0,2.0,1.0,1.0,83.0,25.0,9.0,1.0
2.52381,1.823529,3.0,2.0,6.0,2.0,1.0,1.0,2.0,1.0,2.0,60.0,16.0,4.0,1.0
4.309524,4.095238,1.0,2.0,6.0,2.0,2.0,1.0,1.0,1.0,2.0,95.0,48.0,9.0,1.0
3.865385,3.844828,3.0,4.0,6.0,1.0,2.0,2.0,2.0,2.0,3.0,90.5,47.0,4.0,1.0
2.05,2.555556,1.0,2.0,6.0,2.0,2.0,1.0,1.0,1.0,1.0,76.0,23.0,10.0,1.0
3.47619,2.975,1.0,2.0,6.0,2.0,1.0,1.0,1.0,2.0,3.0,87.0,32.0,9.0,1.0
3.304348,3.326923,3.0,4.0,6.0,1.0,1.0,2.0,1.0,1.0,3.0,78.91,36.22,8.0,1.0
1.105263,0.0,1.0,2.0,6.0,2.0,2.0,1.0,2.0,2.0,2.0,82.0,22.0,7.0,0.0
2.23913,2.361111,3.0,4.0,6.0,2.0,2.0,2.0,2.0,2.0,1.0,69.78,32.0,8.0,1.0
3.54,2.521739,1.0,2.0,6.0,2.0,2.0,1.0,2.0,1.0,1.0,81.0,34.0,7.0,1.0
3.526316,2.477273,1.0,2.0,6.0,2.0,1.0,1.0,2.0,1.0,1.0,78.0,19.0,7.0,1.0
1.78,2.2611182800000007,1.0,2.0,6.0,2.0,1.0,1.0,2.0,1.0,1.0,87.0,28.0,9.0,0.0
4.38,4.425,1.0,2.0,6.0,2.0,2.0,1.0,2.0,1.0,4.0,74.0,26.0,9.0,1.0
3.027778,2.235294,3.0,4.0,6.0,2.0,2.0,2.0,2.0,1.0,2.0,81.58,29.0,9.0,1.0
2.309524,3.043478,3.0,4.0,6.0,1.0,2.0,2.0,2.0,1.0,3.0,79.65,40.87,8.0,1.0
2.875,3.068182,3.0,4.0,6.0,1.0,2.0,2.0,2.0,2.0,3.0,76.34,36.18,8.0,1.0
3.826087,3.704545,1.0,2.0,6.0,2.0,2.0,1.0,1.0,1.0,6.0,80.0,26.0,9.0,1.0
3.32,1.333333,1.0,2.0,6.0,2.0,2.0,1.0,2.0,1.0,3.0,73.12,32.0,9.0,1.0
2.875,2.795455,1.0,2.0,6.0,2.0,1.0,1.0,2.0,1.0,1.0,88.0,43.0,9.0,1.0
3.456522,3.52381,3.0,2.0,6.0,2.0,1.0,1.0,1.0,1.0,2.0,90.0,40.0,8.0,1.0
2.695652,2.630435,1.0,1.0,6.0,2.0,1.0,1.0,2.0,1.0,1.0,73.0,29.0,9.0,1.0
3.06,3.304348,3.0,4.0,6.0,1.0,2.0,2.0,2.0,2.0,3.0,81.19,45.0,8.0,1.0
3.277778,3.44,3.0,4.0,6.0,1.0,2.0,2.0,2.0,1.0,3.0,82.94,34.58,9.0,1.0
0.2,0.0,3.0,2.0,6.0,2.0,1.0,1.0,2.0,0.0,3.0,17.0,23.0,9.0,0.0
2.94,1.727273,1.0,2.0,6.0,2.0,2.0,1.0,1.0,1.0,2.0,75.0,19.0,9.0,0.0
0.0,0.18630672,1.0,2.0,6.0,2.0,2.0,1.0,2.0,0.0,4.0,50.0,26.0,9.0,0.0
3.804348,3.714286,3.0,4.0,6.0,2.0,2.0,2.0,1.0,2.0,2.0,81.32,40.0,4.0,1.0
4.065217,3.72,1.0,2.0,6.0,1.0,1.0,1.0,2.0,2.0,3.0,74.0,37.03,9.0,1.0
1.526316,0.157895,1.0,2.0,6.0,2.0,2.0,1.0,2.0,1.0,2.0,48.0,21.0,7.0,0.0
1.710526,0.346154,2.0,2.0,6.0,2.0,1.0,1.0,2.0,1.0,2.0,63.0,10.0,7.0,0.0
2.956522,3.52381,3.0,4.0,6.0,2.0,2.0,2.0,1.0,2.0,1.0,86.97,35.0,8.0,1.0
2.157895,3.552632,3.0,4.0,6.0,2.0,1.0,2.0,2.0,1.0,2.0,75.0,49.0,8.0,1.0
4.02381,4.184211,3.0,2.0,6.0,2.0,2.0,1.0,2.0,2.0,5.0,88.2,44.0,10.0,0.0
1.975,0.0,1.0,2.0,6.0,2.0,2.0,1.0,2.0,1.0,3.0,69.0,32.03,9.0,1.0
0.4375,0.0,1.0,2.0,6.0,2.0,2.0,1.0,2.0,1.0,1.0,72.0,20.0,7.0,0.0
3.925,3.02381,1.0,2.0,6.0,2.0,2.0,1.0,2.0,0.0,4.0,85.66,39.0,7.0,1.0
2.571429,2.388889,1.0,2.0,6.0,2.0,1.0,1.0,2.0,1.0,1.0,87.0,38.0,9.0,1.0
3.4,3.326087,1.0,2.0,6.0,2.0,2.0,1.0,2.0,1.0,3.0,79.0,35.0,3.0,1.0
3.521739,3.288462,3.0,4.0,6.0,1.0,2.0,2.0,1.0,1.0,3.0,82.51,38.07,7.0,1.0
2.369565,2.6875,1.0,2.0,6.0,2.0,1.0,1.0,1.0,1.0,1.0,86.0,22.0,10.0,1.0
3.347826,2.704545,3.0,4.0,6.0,2.0,2.0,2.0,1.0,1.0,1.0,80.83,31.0,4.0,1.0
3.456522,2.98,3.0,4.0,6.0,1.0,2.0,2.0,2.0,2.0,3.0,78.92,42.15,9.0,1.0
0.5687510280000001,0.21111049000000004,3.0,4.0,6.0,2.0,2.0,2.0,1.0,1.0,1.0,57.93,19.0,7.0,0.0
3.880952,3.434783,1.0,2.0,6.0,2.0,1.0,1.0,2.0,1.0,1.0,82.0,42.0,9.0,1.0
1.541667,1.934783,1.0,2.0,6.0,2.0,2.0,1.0,2.0,1.0,1.0,74.0,24.0,9.0,1.0
3.56,3.318182,1.0,2.0,6.0,2.0,1.0,1.0,2.0,1.0,1.0,80.0,29.0,9.0,1.0
0.157895,0.0,1.0,2.0,6.0,2.0,1.0,1.0,2.0,1.0,1.0,77.0,19.0,7.0,0.0
2.58,2.282609,1.0,2.0,6.0,2.0,2.0,1.0,2.0,1.0,2.0,67.0,19.0,7.0,1.0
3.882353,3.605263,1.0,2.0,6.0,2.0,2.0,1.0,2.0,2.0,3.0,84.0,25.0,9.0,1.0
2.210526,2.363636,1.0,8.0,6.0,2.0,2.0,1.0,2.0,1.0,7.0,61.25,16.0,9.0,1.0
4.217391,4.333333,3.0,2.0,6.0,2.0,2.0,1.0,1.0,2.0,7.0,92.98,46.0,10.0,1.0
3.354167,3.681818,1.0,2.0,6.0,2.0,2.0,1.0,2.0,1.0,2.0,81.0,20.0,7.0,1.0
2.928571,2.375,1.0,2.0,6.0,2.0,1.0,1.0,2.0,1.0,3.0,65.0,36.0,9.0,1.0
3.452381,1.090909,3.0,4.0,6.0,2.0,1.0,2.0,2.0,1.0,3.0,75.67,47.0,10.0,1.0
3.818182,3.75,3.0,4.0,6.0,2.0,2.0,2.0,2.0,1.0,2.0,90.39,47.0,10.0,1.0
1.230769,1.625,1.0,2.0,6.0,2.0,2.0,1.0,2.0,1.0,1.0,72.0,23.0,7.0,1.0
3.916667,3.815789,1.0,2.0,6.0,2.0,2.0,1.0,2.0,1.0,1.0,93.0,39.0,9.0,1.0
1.176471,1.95,1.0,2.0,6.0,2.0,1.0,1.0,2.0,1.0,2.0,52.0,16.0,7.0,1.0
2.275,1.9,3.0,4.0,6.0,1.0,2.0,2.0,2.0,2.0,3.0,77.71,28.49,4.0,0.0
3.875,4.119048,1.0,2.0,6.0,2.0,2.0,1.0,2.0,1.0,1.0,85.0,40.0,10.0,1.0
1.568182,0.21657153,1.0,2.0,6.0,2.0,2.0,1.0,2.0,0.0,3.0,60.0,29.0,8.0,0.0
4.434783,4.46,1.0,2.0,6.0,1.0,2.0,1.0,1.0,2.0,3.0,95.87,34.7,9.0,1.0
2.416667,2.365385,3.0,4.0,6.0,1.0,2.0,2.0,1.0,1.0,3.0,74.42,30.52,7.0,1.0
1.59375,2.978261,3.0,2.0,6.0,2.0,1.0,1.0,2.0,1.0,1.0,74.2,36.0,7.0,1.0
2.304348,1.809524,3.0,4.0,6.0,1.0,2.0,2.0,2.0,2.0,3.0,76.82,28.33,8.0,1.0
3.5,3.5,3.0,4.0,6.0,1.0,2.0,2.0,1.0,2.0,3.0,87.26,38.05,4.0,1.0
0.0,1.3506915429999995,1.0,2.0,6.0,2.0,2.0,1.0,2.0,1.0,1.0,77.0,29.0,7.0,0.0
4.095238,3.97619,1.0,2.0,6.0,2.0,2.0,1.0,1.0,1.0,1.0,102.0,35.51,9.0,1.0
3.354167,3.821429,3.0,4.0,6.0,1.0,2.0,2.0,2.0,2.0,3.0,78.8,42.83,8.0,1.0
0.0,2.472753294476189,3.0,4.0,6.0,1.0,2.0,2.0,2.0,2.0,3.0,79.77,37.69,8.0,0.0
3.083333,3.522727,1.0,2.0,6.0,2.0,1.0,1.0,2.0,1.0,3.0,96.0,42.0,9.0,0.0
4.261905,4.340909,1.0,8.0,6.0,2.0,2.0,1.0,2.0,2.0,8.0,84.2,38.0,9.0,1.0
4.23913,4.0,1.0,2.0,6.0,2.0,1.0,1.0,1.0,2.0,3.0,92.0,26.0,9.0,1.0
2.9,2.886364,3.0,4.0,6.0,1.0,2.0,2.0,2.0,2.0,3.0,77.4,35.28,8.0,1.0
3.5,3.692308,3.0,4.0,6.0,1.0,2.0,2.0,1.0,2.0,4.0,86.08,40.58,8.0,1.0
3.565217,3.28,3.0,4.0,6.0,1.0,2.0,2.0,2.0,1.0,2.0,70.94,42.09,9.0,1.0
1.525,0.0,1.0,2.0,6.0,2.0,2.0,1.0,2.0,1.0,2.0,73.0,16.0,9.0,0.0
2.0,1.388889,1.0,2.0,6.0,2.0,1.0,1.0,2.0,1.0,1.0,78.0,22.0,7.0,0.0
1.285714,1.458333,3.0,4.0,6.0,1.0,2.0,2.0,1.0,2.0,3.0,66.69,25.19,10.0,1.0
0.0,0.20058589000000002,1.0,2.0,6.0,2.0,2.0,1.0,2.0,1.0,4.0,53.0,25.0,9.0,0.0
3.409091,3.194444,1.0,2.0,6.0,2.0,2.0,1.0,2.0,1.0,3.0,48.0,15.0,9.0,1.0
3.173913,3.18,3.0,4.0,6.0,1.0,2.0,2.0,2.0,2.0,3.0,78.09,40.79,10.0,1.0
3.025,3.275,1.0,2.0,6.0,2.0,2.0,1.0,2.0,1.0,1.0,82.0,29.0,9.0,1.0
2.434783,2.307692,3.0,4.0,6.0,1.0,2.0,2.0,2.0,1.0,3.0,72.96,31.67,8.0,1.0
3.568182,3.236842,3.0,4.0,6.0,2.0,2.0,2.0,2.0,2.0,1.0,76.36,45.0,9.0,1.0
2.90625,1.884615,3.0,2.0,6.0,2.0,2.0,1.0,2.0,1.0,1.0,79.0,27.0,9.0,1.0
3.35,3.361111,3.0,2.0,6.0,2.0,2.0,1.0,1.0,2.0,3.0,79.0,46.0,4.0,1.0
4.131579,3.891304,2.0,2.0,6.0,2.0,2.0,1.0,2.0,2.0,6.0,87.76,46.0,8.0,1.0
4.357143,4.409091,1.0,2.0,6.0,2.0,2.0,1.0,2.0,1.0,3.0,85.0,48.0,10.0,1.0
4.076923,4.434783,1.0,2.0,6.0,1.0,2.0,1.0,2.0,2.0,7.0,93.0,37.14,10.0,1.0
0.947368,2.03125,1.0,2.0,6.0,2.0,2.0,1.0,1.0,1.0,1.0,78.0,14.0,7.0,0.0
4.08,4.175,1.0,2.0,6.0,2.0,2.0,1.0,2.0,2.0,7.0,87.84,21.0,9.0,1.0
3.895833,3.857143,1.0,2.0,6.0,2.0,2.0,1.0,1.0,2.0,2.0,86.0,21.0,9.0,1.0
2.289474,2.478261,1.0,2.0,6.0,2.0,2.0,1.0,2.0,1.0,2.0,76.35,15.0,7.0,1.0
3.16,3.545455,1.0,2.0,6.0,2.0,2.0,1.0,1.0,1.0,1.0,97.0,38.0,9.0,1.0
3.428571,3.4,3.0,4.0,6.0,2.0,2.0,2.0,2.0,1.0,4.0,80.84,43.0,8.0,1.0
3.541667,3.021739,1.0,2.0,6.0,2.0,2.0,1.0,2.0,1.0,2.0,90.0,30.0,9.0,1.0
3.904762,2.590909,3.0,4.0,6.0,2.0,2.0,2.0,2.0,2.0,1.0,76.15,42.0,9.0,1.0
4.285714,4.019231,3.0,5.0,6.0,2.0,2.0,2.0,1.0,1.0,3.0,95.59,49.0,8.0,1.0
3.942308,3.769231,3.0,4.0,6.0,1.0,1.0,2.0,2.0,2.0,3.0,92.51,45.18,4.0,1.0
3.880952,3.0,1.0,2.0,6.0,2.0,1.0,1.0,1.0,1.0,1.0,90.0,43.0,9.0,1.0
3.52,3.391304,1.0,2.0,6.0,2.0,2.0,1.0,2.0,1.0,1.0,89.0,40.0,3.0,1.0
3.916667,3.769231,3.0,2.0,6.0,1.0,1.0,1.0,2.0,2.0,7.0,92.42,39.74,10.0,1.0
3.804348,3.565217,1.0,2.0,6.0,2.0,2.0,1.0,2.0,1.0,1.0,83.0,39.0,9.0,1.0
4.021739,3.74,1.0,2.0,6.0,1.0,2.0,1.0,1.0,2.0,5.0,86.95,37.89,10.0,1.0
3.041667,3.303571,3.0,4.0,6.0,1.0,2.0,2.0,2.0,1.0,4.0,79.95,33.79,7.0,1.0
2.421053,1.076923,1.0,2.0,6.0,2.0,2.0,1.0,2.0,1.0,2.0,67.0,24.0,7.0,1.0
2.833333,3.318182,3.0,2.0,6.0,2.0,2.0,1.0,2.0,2.0,3.0,83.68,25.4,8.0,0.0
4.304348,4.0,1.0,2.0,6.0,2.0,1.0,1.0,1.0,2.0,3.0,97.0,44.0,9.0,1.0
4.238095,3.891304,3.0,2.0,6.0,2.0,2.0,1.0,2.0,2.0,6.0,89.6,48.0,10.0,1.0
3.568182,3.148148,3.0,4.0,6.0,1.0,2.0,2.0,2.0,1.0,4.0,80.23,43.88,9.0,1.0
4.022727,3.796296,3.0,4.0,6.0,1.0,2.0,2.0,2.0,1.0,3.0,90.56,45.39,10.0,1.0
2.416667,3.527778,3.0,4.0,6.0,2.0,2.0,2.0,2.0,2.0,1.0,76.93,49.0,10.0,1.0
0.0,2.8540253954761914,1.0,2.0,6.0,2.0,2.0,1.0,2.0,1.0,3.0,79.12,28.44,9.0,0.0
4.434783,4.277778,3.0,4.0,6.0,2.0,2.0,2.0,2.0,2.0,2.0,96.57,49.0,10.0,1.0
2.090909,1.833333,1.0,2.0,6.0,2.0,2.0,1.0,2.0,1.0,2.0,60.0,17.0,3.0,1.0
3.04,3.083333,1.0,1.0,6.0,2.0,1.0,1.0,2.0,1.0,4.0,61.0,27.0,9.0,1.0
2.891304,2.788462,3.0,4.0,6.0,1.0,2.0,2.0,2.0,2.0,4.0,79.92,32.21,8.0,1.0
3.55,3.6,1.0,2.0,6.0,2.0,2.0,1.0,2.0,2.0,3.0,81.0,37.0,9.0,1.0
2.386364,1.854994788666668,3.0,4.0,6.0,1.0,2.0,2.0,2.0,1.0,3.0,75.12,26.85,3.0,0.0
2.15,2.6251320333333332,3.0,4.0,6.0,1.0,2.0,2.0,2.0,2.0,3.0,75.76,28.0,9.0,0.0
0.0,0.0,3.0,2.0,6.0,2.0,1.0,1.0,1.0,1.0,1.0,63.0,26.0,7.0,0.0
0.0,0.0,1.0,2.0,6.0,2.0,2.0,1.0,2.0,1.0,1.0,72.0,37.0,7.0,0.0
0.0,1.45,1.0,2.0,6.0,2.0,1.0,1.0,2.0,1.0,2.0,45.0,25.11,2.0,1.0
3.857143,3.568182,3.0,4.0,6.0,2.0,2.0,2.0,1.0,2.0,2.0,86.38,38.0,10.0,1.0
3.833333,3.464286,3.0,4.0,6.0,1.0,1.0,2.0,2.0,1.0,3.0,85.36,44.9,8.0,1.0
4.0,3.630435,3.0,4.0,6.0,2.0,2.0,2.0,2.0,2.0,1.0,81.73,45.0,8.0,1.0
3.227273,3.136364,1.0,2.0,6.0,2.0,1.0,1.0,2.0,1.0,1.0,74.0,41.0,8.0,1.0
3.043478,3.166667,3.0,2.0,6.0,2.0,2.0,1.0,2.0,2.0,2.0,85.0,38.0,9.0,1.0
3.547619,3.282609,1.0,2.0,6.0,2.0,2.0,1.0,2.0,1.0,3.0,54.0,12.0,8.0,1.0
3.078947,2.636364,1.0,2.0,6.0,2.0,2.0,1.0,2.0,1.0,4.0,68.0,22.0,7.0,1.0
0.24,0.0,1.0,2.0,6.0,2.0,2.0,1.0,2.0,1.0,3.0,59.215,17.0,7.0,0.0
2.722222,2.659091,3.0,4.0,6.0,2.0,2.0,2.0,2.0,2.0,1.0,79.25,21.0,8.0,1.0
2.55,2.772727,3.0,4.0,6.0,1.0,2.0,2.0,2.0,1.0,3.0,77.2,34.28,7.0,1.0
3.5,3.416667,3.0,2.0,6.0,2.0,1.0,1.0,1.0,2.0,5.0,80.0,43.0,4.0,1.0
3.06,2.538462,3.0,4.0,6.0,1.0,2.0,2.0,1.0,2.0,3.0,77.16,32.18,8.0,1.0
2.525,2.261905,3.0,4.0,6.0,1.0,2.0,2.0,2.0,2.0,3.0,73.94,36.32,10.0,1.0
0.54,0.8071090699999997,1.0,2.0,6.0,2.0,1.0,1.0,2.0,1.0,1.0,66.0,24.0,7.0,0.0
3.568182,3.763158,3.0,2.0,6.0,2.0,2.0,1.0,1.0,2.0,3.0,94.0,38.0,10.0,0.0
3.272727,1.5,1.0,2.0,6.0,2.0,2.0,1.0,2.0,1.0,1.0,76.0,29.3,7.0,1.0
2.521739,2.7,3.0,4.0,6.0,1.0,2.0,2.0,2.0,1.0,3.0,75.47,37.22,10.0,0.0
3.222222,3.448276,3.0,4.0,6.0,1.0,2.0,2.0,2.0,1.0,3.0,80.79,34.68,7.0,1.0
4.159091,4.236842,3.0,4.0,6.0,2.0,2.0,2.0,2.0,0.0,6.0,90.24,48.0,10.0,0.0
0.0,2.472753294476189,3.0,4.0,6.0,2.0,2.0,2.0,1.0,2.0,2.0,78.99,39.26,8.0,0.0
2.357143,2.970588,1.0,2.0,6.0,2.0,2.0,1.0,1.0,1.0,3.0,81.0,32.0,9.0,1.0
4.194444,4.055556,1.0,2.0,6.0,2.0,2.0,1.0,1.0,2.0,3.0,94.0,34.33,9.0,1.0
4.095238,4.222222,1.0,2.0,6.0,2.0,2.0,1.0,1.0,2.0,3.0,102.0,36.75,9.0,1.0
3.729167,3.729167,3.0,4.0,6.0,2.0,2.0,2.0,2.0,1.0,3.0,85.72,45.0,8.0,1.0
3.454545,1.276641440000002,3.0,2.0,6.0,2.0,2.0,1.0,2.0,1.0,3.0,78.0,23.0,7.0,0.0
3.08,2.65,3.0,2.0,6.0,2.0,1.0,1.0,1.0,1.0,1.0,85.0,35.0,7.0,1.0
3.5,2.846154,3.0,2.0,6.0,2.0,2.0,1.0,1.0,2.0,6.0,83.0,47.0,4.0,1.0
3.0,1.8968354774999994,1.0,2.0,6.0,2.0,1.0,1.0,2.0,2.0,3.0,83.0,26.0,9.0,0.0
2.447368,2.394737,3.0,4.0,6.0,2.0,2.0,2.0,2.0,1.0,2.0,75.68,32.61,7.0,1.0
0.0,0.47334565999999995,3.0,2.0,6.0,2.0,2.0,1.0,2.0,1.0,2.0,55.0,12.0,4.0,0.0
0.0,0.0,1.0,2.0,6.0,2.0,2.0,1.0,2.0,1.0,1.0,72.0,29.0,7.0,1.0
2.9,3.0,1.0,2.0,6.0,2.0,2.0,1.0,1.0,2.0,3.0,68.0,29.99,9.0,1.0
2.2,3.125,1.0,2.0,6.0,2.0,1.0,1.0,1.0,2.0,6.0,75.18,19.0,9.0,1.0
2.1,0.596154,1.0,1.0,6.0,2.0,1.0,1.0,2.0,1.0,1.0,71.0,22.0,9.0,0.0
2.04,1.159091,1.0,2.0,6.0,2.0,2.0,1.0,2.0,2.0,3.0,73.0,32.0,9.0,1.0
1.26087,1.6759709099999995,1.0,2.0,6.0,2.0,1.0,1.0,2.0,1.0,2.0,75.0,21.0,8.0,0.0
3.02,2.15,1.0,2.0,6.0,2.0,2.0,1.0,2.0,1.0,3.0,82.0,48.0,9.0,1.0
3.913043,2.833333,1.0,2.0,6.0,1.0,2.0,1.0,2.0,2.0,3.0,79.92,40.48,10.0,0.0
3.73913,3.809524,3.0,4.0,6.0,2.0,1.0,2.0,2.0,1.0,2.0,92.0,47.0,8.0,1.0
4.5,4.333333,1.0,2.0,6.0,2.0,2.0,1.0,2.0,2.0,3.0,104.0,36.31,9.0,1.0
2.472222,2.65625,3.0,4.0,6.0,2.0,2.0,2.0,2.0,1.0,2.0,88.0,42.0,10.0,1.0
0.9462086000000004,0.7520936099999999,1.0,2.0,6.0,2.0,2.0,1.0,2.0,1.0,1.0,66.0,17.0,7.0,0.0
3.759259,4.019231,3.0,4.0,6.0,1.0,2.0,2.0,2.0,2.0,3.0,94.52,45.34,8.0,1.0
4.22,4.136364,1.0,2.0,6.0,2.0,1.0,1.0,1.0,1.0,1.0,92.0,47.0,9.0,1.0
0.32,0.11637401000000004,1.0,2.0,6.0,2.0,2.0,1.0,2.0,0.0,3.0,53.0,15.0,9.0,0.0
3.73913,3.571429,3.0,4.0,6.0,1.0,2.0,2.0,2.0,2.0,3.0,86.7,44.85,10.0,1.0
2.15,1.8027521389999983,3.0,4.0,6.0,1.0,2.0,2.0,2.0,1.0,3.0,76.2,27.84,7.0,0.0
2.428571,1.0,1.0,2.0,6.0,2.0,2.0,1.0,2.0,1.0,1.0,63.0,21.0,7.0,0.0
3.434783,3.428571,3.0,4.0,6.0,2.0,2.0,2.0,1.0,1.0,2.0,82.98,37.0,4.0,1.0
1.535714,1.117647,3.0,4.0,6.0,1.0,2.0,2.0,2.0,2.0,3.0,66.25,26.7,8.0,1.0
4.113636,3.977273,3.0,2.0,6.0,2.0,2.0,1.0,1.0,2.0,5.0,89.0,46.0,8.0,1.0
0.22074464,0.7344743899999999,1.0,2.0,6.0,2.0,1.0,1.0,2.0,1.0,2.0,64.0,21.0,9.0,0.0
3.4,3.090909,3.0,4.0,6.0,1.0,2.0,2.0,2.0,1.0,3.0,76.92,40.24,7.0,1.0
2.657895,1.888889,1.0,4.0,6.0,2.0,2.0,2.0,2.0,0.0,3.0,59.81,14.0,8.0,1.0
3.826923,4.347826,1.0,4.0,6.0,1.0,1.0,2.0,2.0,2.0,4.0,91.91,40.67,9.0,1.0
1.086957,1.45,3.0,4.0,6.0,2.0,2.0,2.0,1.0,1.0,1.0,71.85,25.23,7.0,0.0
3.28,2.795455,1.0,2.0,6.0,2.0,2.0,1.0,2.0,1.0,1.0,84.0,28.0,9.0,1.0
0.0,1.1383658400000003,1.0,2.0,6.0,2.0,2.0,1.0,2.0,0.0,2.0,74.2,16.0,9.0,0.0
3.75,3.02381,3.0,4.0,6.0,2.0,2.0,2.0,2.0,1.0,2.0,82.95,46.0,9.0,1.0
2.318182,0.0,1.0,2.0,6.0,2.0,2.0,1.0,1.0,1.0,2.0,63.0,17.0,9.0,1.0
4.057692,3.73913,3.0,4.0,6.0,1.0,2.0,2.0,2.0,2.0,3.0,84.76,47.25,9.0,1.0
1.55482457,1.5186986899999995,3.0,2.0,6.0,2.0,2.0,1.0,2.0,1.0,2.0,74.0,33.0,4.0,0.0
2.571429,0.0,1.0,2.0,6.0,2.0,2.0,1.0,2.0,0.0,3.0,70.68,19.0,7.0,0.0
3.391304,2.547619,3.0,4.0,6.0,1.0,1.0,2.0,2.0,2.0,3.0,84.23,38.04,9.0,1.0
4.2,4.142857,1.0,2.0,6.0,2.0,2.0,1.0,2.0,1.0,1.0,83.0,25.0,3.0,1.0
2.73913,2.64,3.0,4.0,6.0,1.0,2.0,2.0,2.0,2.0,3.0,71.69,38.51,10.0,1.0
3.694444,3.166667,3.0,4.0,6.0,1.0,2.0,2.0,1.0,2.0,3.0,88.14,42.83,8.0,1.0
2.804348,3.0,3.0,4.0,6.0,2.0,2.0,2.0,2.0,1.0,1.0,77.73,42.0,8.0,1.0
3.0,3.153846,3.0,4.0,6.0,1.0,2.0,2.0,2.0,2.0,3.0,84.25,38.07,8.0,1.0
1.0,1.538462,1.0,2.0,6.0,2.0,1.0,1.0,2.0,1.0,7.0,65.0,19.0,7.0,0.0
1.071429,0.0,1.0,2.0,6.0,2.0,1.0,1.0,2.0,1.0,1.0,71.62,31.0,9.0,1.0
3.565217,4.0,1.0,2.0,6.0,1.0,1.0,1.0,1.0,2.0,3.0,86.0,37.07,9.0,1.0
4.309524,4.190476,1.0,2.0,6.0,2.0,2.0,1.0,1.0,2.0,4.0,81.0,39.0,9.0,1.0
2.033333,2.071429,3.0,4.0,6.0,1.0,2.0,2.0,2.0,1.0,3.0,71.29,33.79,9.0,1.0
3.047619,3.195652,1.0,2.0,6.0,2.0,1.0,1.0,2.0,2.0,2.0,79.0,34.0,9.0,1.0
3.409091,2.37037,3.0,4.0,6.0,1.0,2.0,2.0,1.0,2.0,3.0,83.31,37.23,8.0,1.0
4.18,4.152174,3.0,2.0,6.0,1.0,1.0,1.0,2.0,2.0,4.0,90.73,43.33,10.0,0.0
3.954545,3.045455,3.0,2.0,6.0,2.0,2.0,1.0,2.0,1.0,1.0,83.0,35.0,8.0,1.0
4.38,4.272727,1.0,2.0,6.0,2.0,1.0,1.0,2.0,1.0,4.0,73.0,31.0,9.0,1.0
3.4,3.4,3.0,2.0,6.0,2.0,1.0,1.0,1.0,2.0,3.0,91.0,33.0,10.0,0.0
3.217391,3.25,3.0,4.0,6.0,1.0,2.0,2.0,1.0,2.0,4.0,78.47,36.3,8.0,1.0
3.145833,1.619048,3.0,2.0,6.0,2.0,2.0,1.0,2.0,2.0,4.0,72.12,38.0,8.0,1.0
2.98,2.6,1.0,2.0,6.0,2.0,2.0,1.0,2.0,1.0,1.0,73.0,28.0,9.0,1.0
3.131579,1.25,1.0,2.0,6.0,2.0,2.0,1.0,2.0,1.0,1.0,73.0,20.0,9.0,1.0
3.909091,3.159091,3.0,4.0,6.0,2.0,1.0,2.0,2.0,1.0,4.0,85.77,49.0,8.0,1.0
4.090909,3.840909,3.0,4.0,6.0,2.0,2.0,2.0,2.0,2.0,1.0,83.42,45.0,8.0,1.0
4.176471,4.214286,1.0,2.0,6.0,2.0,2.0,1.0,1.0,2.0,4.0,79.0,42.87,8.0,1.0
3.026316,2.291667,1.0,2.0,6.0,2.0,1.0,1.0,2.0,1.0,1.0,72.0,25.0,7.0,1.0
3.619048,4.041667,3.0,2.0,6.0,2.0,2.0,1.0,1.0,2.0,3.0,85.55,38.27,8.0,1.0
0.26087,2.318182,3.0,4.0,6.0,1.0,1.0,2.0,2.0,1.0,3.0,64.5,43.0,8.0,1.0
3.54,2.142857,1.0,2.0,6.0,2.0,2.0,1.0,2.0,1.0,1.0,75.0,31.0,9.0,1.0
3.611111,3.851852,1.0,8.0,6.0,1.0,2.0,1.0,2.0,2.0,7.0,88.28,43.92,10.0,1.0
3.56,3.7,1.0,2.0,6.0,2.0,1.0,1.0,2.0,1.0,1.0,91.0,46.0,9.0,1.0
1.696802600000001,1.4885967900000008,2.0,2.0,6.0,2.0,1.0,1.0,1.0,1.0,1.0,80.0,23.0,8.0,0.0
3.475,3.045455,3.0,4.0,6.0,1.0,2.0,2.0,2.0,1.0,3.0,79.94,41.38,8.0,1.0
3.145833,2.5,1.0,2.0,6.0,2.0,1.0,1.0,2.0,1.0,1.0,86.0,28.0,9.0,1.0
3.705882,3.673913,3.0,4.0,6.0,1.0,2.0,2.0,2.0,1.0,3.0,86.39,43.83,8.0,1.0
0.714286,0.0,3.0,4.0,6.0,1.0,1.0,2.0,2.0,1.0,3.0,75.73,30.57,8.0,0.0
3.5,4.02,3.0,4.0,6.0,1.0,2.0,2.0,2.0,2.0,3.0,88.16,42.07,10.0,1.0
2.921053,2.0,3.0,4.0,6.0,1.0,1.0,2.0,2.0,1.0,3.0,76.57,31.57,8.0,1.0
1.94,2.5,1.0,2.0,6.0,2.0,2.0,1.0,2.0,1.0,1.0,69.0,36.0,7.0,1.0
3.5,2.934783,1.0,2.0,6.0,2.0,2.0,1.0,2.0,1.0,1.0,91.0,28.0,9.0,1.0
2.8,1.8159098199999988,1.0,2.0,6.0,2.0,2.0,1.0,2.0,1.0,1.0,76.0,23.0,9.0,0.0
2.97619,3.363636,1.0,8.0,6.0,2.0,2.0,1.0,2.0,0.0,6.0,77.91,30.0,9.0,1.0
4.086957,3.590909,3.0,4.0,6.0,2.0,2.0,2.0,1.0,1.0,3.0,86.13,44.69,3.0,1.0
4.285714,3.886364,3.0,4.0,6.0,2.0,2.0,2.0,2.0,1.0,2.0,90.79,44.0,10.0,1.0
2.852941,2.880952,1.0,2.0,6.0,2.0,1.0,1.0,2.0,2.0,1.0,83.0,25.0,7.0,1.0
2.404762,2.041667,1.0,2.0,6.0,2.0,2.0,1.0,2.0,0.0,1.0,64.0,29.32,9.0,1.0
3.055556,3.480769,3.0,4.0,6.0,1.0,2.0,2.0,2.0,1.0,3.0,80.57,37.21,7.0,1.0
2.7,1.815789,1.0,2.0,6.0,2.0,1.0,1.0,2.0,1.0,2.0,78.0,32.0,9.0,1.0
3.666667,3.58,3.0,4.0,6.0,1.0,2.0,2.0,1.0,1.0,4.0,85.78,44.61,9.0,1.0
2.847826,3.428571,3.0,4.0,6.0,2.0,2.0,2.0,1.0,1.0,2.0,80.12,32.0,8.0,1.0
2.921053,3.846154,1.0,2.0,6.0,2.0,1.0,1.0,1.0,2.0,3.0,93.0,43.0,9.0,1.0
2.880952,2.666667,3.0,4.0,6.0,2.0,2.0,2.0,2.0,2.0,3.0,76.97,37.0,4.0,1.0
0.230769,1.0765035800000002,3.0,4.0,6.0,2.0,2.0,2.0,2.0,1.0,2.0,69.58,39.0,2.0,0.0
1.954545,3.125,1.0,2.0,6.0,2.0,2.0,1.0,2.0,1.0,3.0,76.0,33.0,4.0,1.0
2.2,1.47619,1.0,2.0,6.0,2.0,2.0,1.0,2.0,1.0,1.0,82.0,23.0,7.0,1.0
0.0,2.3978900091223143,3.0,4.0,6.0,2.0,2.0,2.0,2.0,0.0,1.0,79.97,48.0,8.0,0.0
2.388889,2.7,3.0,2.0,6.0,2.0,2.0,1.0,2.0,1.0,2.0,67.0,34.0,9.0,0.0
3.56,3.175,1.0,2.0,6.0,2.0,2.0,1.0,2.0,1.0,1.0,74.0,34.0,9.0,1.0
0.45,0.24163725,1.0,2.0,6.0,2.0,2.0,1.0,2.0,1.0,2.0,56.0,23.0,7.0,0.0
2.1,0.8373265900000001,1.0,2.0,6.0,2.0,2.0,1.0,2.0,0.0,1.0,66.0,25.0,9.0,0.0
0.375,0.0,3.0,4.0,6.0,2.0,2.0,2.0,2.0,2.0,1.0,76.43,37.0,8.0,0.0
1.979167,1.605263,1.0,2.0,6.0,2.0,2.0,1.0,2.0,1.0,1.0,75.0,27.0,9.0,1.0
4.086957,3.673077,1.0,1.0,6.0,2.0,1.0,1.0,2.0,1.0,1.0,77.0,31.0,9.0,1.0
4.23913,3.715710609999997,1.0,2.0,6.0,2.0,2.0,1.0,1.0,2.0,3.0,105.0,45.0,9.0,0.0
2.23913,3.095238,3.0,2.0,6.0,2.0,2.0,1.0,2.0,1.0,1.0,82.0,38.0,8.0,1.0
3.652174,3.625,3.0,4.0,6.0,2.0,1.0,2.0,1.0,2.0,1.0,76.94,47.0,9.0,1.0
3.68,3.68,3.0,4.0,6.0,1.0,2.0,2.0,1.0,1.0,3.0,86.165,43.71,8.0,1.0
4.043478,2.8377802316666676,3.0,4.0,6.0,2.0,2.0,2.0,1.0,1.0,2.0,85.43,46.0,9.0,0.0
3.086957,2.875,1.0,2.0,6.0,2.0,2.0,1.0,2.0,1.0,1.0,76.0,31.0,9.0,1.0
3.022727,1.4639618299999992,1.0,2.0,6.0,2.0,2.0,1.0,2.0,1.0,1.0,76.0,16.0,9.0,0.0
3.44,3.23913,1.0,2.0,6.0,2.0,2.0,1.0,2.0,1.0,1.0,78.0,24.0,7.0,1.0
2.545455,2.842105,1.0,2.0,6.0,2.0,1.0,1.0,1.0,1.0,2.0,67.0,24.0,7.0,1.0
1.34,0.3,1.0,2.0,6.0,2.0,2.0,1.0,2.0,1.0,1.0,68.0,20.0,3.0,1.0
2.730769,3.882353,1.0,2.0,6.0,2.0,1.0,1.0,1.0,1.0,3.0,75.0,29.0,7.0,1.0
0.46,2.84375,3.0,4.0,6.0,2.0,2.0,2.0,2.0,1.0,2.0,71.42,17.0,7.0,1.0
2.275,1.233333,1.0,2.0,6.0,2.0,1.0,1.0,2.0,1.0,3.0,73.0,24.0,7.0,1.0
4.282609,4.238095,3.0,2.0,6.0,2.0,2.0,1.0,2.0,2.0,7.0,84.52,48.0,8.0,1.0
3.916667,3.979167,1.0,2.0,6.0,2.0,1.0,1.0,1.0,1.0,4.0,86.0,50.0,8.0,1.0
3.464286,3.470588,3.0,4.0,6.0,2.0,2.0,2.0,2.0,1.0,2.0,80.47,38.0,8.0,1.0
4.275,4.363636,1.0,2.0,6.0,2.0,1.0,1.0,2.0,2.0,4.0,88.0,47.0,9.0,1.0
3.82,3.6,1.0,2.0,6.0,2.0,2.0,1.0,2.0,2.0,3.0,69.0,30.0,9.0,0.0
2.26,2.076923,3.0,4.0,6.0,1.0,2.0,2.0,1.0,2.0,3.0,75.83,35.1,8.0,1.0
4.225,3.911765,1.0,2.0,6.0,2.0,2.0,1.0,2.0,2.0,7.0,88.53,35.0,8.0,1.0
1.727273,1.9,1.0,2.0,6.0,2.0,1.0,1.0,2.0,1.0,3.0,67.0,37.0,9.0,1.0
4.214286,4.047619,3.0,2.0,6.0,2.0,2.0,1.0,2.0,2.0,5.0,87.49,49.0,10.0,1.0
4.0,3.5,3.0,4.0,6.0,1.0,1.0,2.0,2.0,1.0,3.0,86.19,43.12,8.0,1.0
0.695652,1.5417978599999995,1.0,2.0,6.0,2.0,1.0,1.0,1.0,1.0,1.0,69.0,18.0,4.0,0.0
2.0,0.0,1.0,2.0,6.0,2.0,2.0,1.0,2.0,1.0,1.0,73.0,33.0,9.0,0.0
2.547619,2.891304,1.0,2.0,6.0,2.0,1.0,1.0,2.0,1.0,2.0,78.0,27.0,9.0,0.0
2.733333,3.02381,1.0,2.0,6.0,2.0,2.0,1.0,2.0,2.0,3.0,67.0,41.0,9.0,1.0
3.9,3.928571,3.0,4.0,6.0,1.0,2.0,2.0,1.0,1.0,3.0,92.55,45.56,10.0,1.0
3.152174,2.865385,3.0,4.0,6.0,1.0,2.0,2.0,2.0,2.0,3.0,85.43,37.64,8.0,1.0
3.043478,2.730769,3.0,4.0,6.0,1.0,2.0,2.0,2.0,1.0,3.0,80.29,34.35,8.0,1.0
2.416667,2.708333,3.0,4.0,6.0,1.0,2.0,2.0,2.0,1.0,4.0,78.09,31.31,8.0,1.0
2.842105,0.736842,1.0,2.0,6.0,2.0,1.0,1.0,2.0,1.0,1.0,88.0,23.0,9.0,1.0
3.9,3.727273,3.0,4.0,6.0,1.0,2.0,2.0,2.0,2.0,3.0,83.1,44.81,8.0,1.0
0.0,0.8829030700000001,1.0,2.0,6.0,2.0,1.0,1.0,2.0,1.0,2.0,72.0,15.0,3.0,0.0
2.891304,2.730769,1.0,1.0,6.0,2.0,1.0,1.0,2.0,1.0,1.0,82.0,20.0,7.0,1.0
3.4,1.2086591200000005,1.0,2.0,6.0,2.0,2.0,1.0,2.0,2.0,3.0,70.0,33.0,9.0,0.0
3.586957,3.307692,3.0,4.0,6.0,1.0,2.0,2.0,1.0,1.0,4.0,85.94,40.52,8.0,0.0
2.456522,2.380952,3.0,4.0,6.0,2.0,2.0,2.0,2.0,1.0,1.0,75.31,37.0,9.0,1.0
2.25,2.2,1.0,2.0,6.0,2.0,2.0,1.0,2.0,2.0,2.0,83.0,20.9,7.0,1.0
0.0,0.0,1.0,2.0,6.0,2.0,2.0,1.0,2.0,1.0,1.0,50.0,16.0,9.0,0.0
2.456522,2.269231,3.0,4.0,6.0,1.0,2.0,2.0,2.0,1.0,3.0,72.71,31.35,8.0,1.0
3.543478,3.038462,1.0,1.0,6.0,2.0,1.0,1.0,2.0,1.0,2.0,76.0,28.0,7.0,1.0
4.152174,3.73913,1.0,2.0,6.0,2.0,1.0,1.0,1.0,2.0,4.0,83.0,25.0,9.0,1.0
4.386364,4.363636,3.0,8.0,6.0,2.0,2.0,1.0,2.0,0.0,7.0,83.84,49.0,10.0,1.0
3.738095,3.125,3.0,4.0,6.0,1.0,1.0,2.0,2.0,1.0,3.0,84.04,43.89,8.0,1.0
4.285714,4.413043,3.0,4.0,6.0,2.0,1.0,2.0,2.0,1.0,3.0,88.43,47.0,10.0,1.0
3.729167,3.653846,3.0,4.0,6.0,1.0,2.0,2.0,2.0,2.0,3.0,86.29,45.2,10.0,1.0
4.022727,4.0,3.0,2.0,6.0,2.0,1.0,1.0,2.0,1.0,3.0,97.0,45.0,9.0,1.0
2.825,3.0,1.0,2.0,6.0,2.0,2.0,1.0,2.0,1.0,1.0,77.0,28.0,9.0,1.0
3.571429,2.717391,1.0,2.0,6.0,2.0,2.0,1.0,2.0,1.0,1.0,84.0,27.0,9.0,1.0
0.0,1.0,1.0,2.0,6.0,2.0,2.0,1.0,2.0,1.0,1.0,69.0,34.0,9.0,0.0
4.23913,3.076576569166668,1.0,2.0,6.0,2.0,1.0,1.0,2.0,1.0,1.0,83.0,45.0,10.0,0.0
2.227273,2.62963,1.0,2.0,6.0,2.0,1.0,1.0,2.0,2.0,2.0,67.14,33.0,9.0,1.0
3.479167,3.473684,3.0,2.0,6.0,2.0,2.0,1.0,2.0,1.0,3.0,78.0,16.0,9.0,1.0
4.4375,4.384615,1.0,8.0,6.0,1.0,1.0,1.0,2.0,2.0,7.0,96.17,48.0,9.0,1.0
3.64,3.047619,1.0,2.0,6.0,2.0,2.0,1.0,2.0,2.0,4.0,61.0,32.46,9.0,1.0
2.7,3.204545,3.0,4.0,6.0,1.0,2.0,2.0,1.0,1.0,3.0,77.98,38.27,8.0,1.0
3.3125,3.888889,1.0,2.0,6.0,2.0,2.0,1.0,2.0,1.0,3.0,57.0,22.46,7.0,1.0
1.6,2.0,3.0,4.0,6.0,2.0,2.0,2.0,2.0,1.0,3.0,73.41,25.0,8.0,1.0
0.357143,0.0,1.0,2.0,6.0,2.0,2.0,1.0,2.0,0.0,3.0,50.83,26.0,4.0,1.0
3.695652,3.596154,3.0,2.0,6.0,1.0,2.0,1.0,1.0,2.0,4.0,87.35,32.33,8.0,1.0
3.717391,3.152174,3.0,2.0,6.0,2.0,1.0,1.0,2.0,1.0,1.0,86.0,44.0,9.0,1.0
2.5,2.26,3.0,4.0,6.0,1.0,2.0,2.0,2.0,1.0,1.0,73.57,33.4,7.0,1.0
4.066667,3.431034,3.0,2.0,6.0,2.0,2.0,1.0,2.0,2.0,3.0,72.0,31.0,9.0,1.0
3.72,2.761905,1.0,2.0,6.0,2.0,1.0,1.0,2.0,2.0,2.0,80.54,26.0,9.0,1.0
0.84,0.0,1.0,2.0,6.0,2.0,2.0,1.0,2.0,1.0,1.0,74.0,24.8,7.0,1.0
4.065217,3.461538,3.0,2.0,6.0,2.0,2.0,1.0,1.0,2.0,1.0,83.41,40.0,4.0,1.0
0.0,0.14327030000000007,1.0,2.0,6.0,2.0,2.0,1.0,2.0,0.0,2.0,42.0,9.0,7.0,0.0
2.673913,3.138889,3.0,4.0,6.0,2.0,2.0,2.0,2.0,1.0,2.0,78.15,42.0,10.0,1.0
1.230769,3.0,1.0,2.0,6.0,2.0,1.0,1.0,2.0,1.0,2.0,74.0,37.0,9.0,0.0
3.52381,3.404762,3.0,8.0,6.0,2.0,2.0,1.0,2.0,0.0,7.0,81.59,34.13,4.0,1.0
0.0,0.0,1.0,2.0,6.0,2.0,2.0,1.0,2.0,1.0,1.0,68.0,28.0,1.0,0.0
3.3,2.727273,1.0,2.0,6.0,2.0,2.0,1.0,2.0,2.0,3.0,80.83,33.0,7.0,1.0
3.1,2.47619,1.0,2.0,6.0,2.0,2.0,1.0,2.0,1.0,1.0,78.0,19.0,7.0,1.0
3.0,3.275,1.0,2.0,6.0,2.0,2.0,1.0,2.0,1.0,2.0,87.0,24.0,9.0,1.0
2.170358798000001,1.4397456499999997,1.0,2.0,6.0,2.0,2.0,1.0,1.0,1.0,3.0,93.0,30.0,9.0,0.0
4.083333,4.277778,3.0,4.0,6.0,1.0,1.0,2.0,2.0,2.0,3.0,95.51,47.25,9.0,0.0
1.809524,1.954545,1.0,2.0,6.0,2.0,2.0,1.0,2.0,2.0,7.0,71.57,18.0,9.0,1.0
0.944444,0.0,3.0,4.0,6.0,1.0,2.0,2.0,1.0,1.0,3.0,68.35,27.99,8.0,0.0
3.175,2.952381,3.0,4.0,6.0,1.0,2.0,2.0,2.0,1.0,3.0,84.02,39.67,9.0,1.0
0.0,0.63636455,1.0,2.0,6.0,2.0,2.0,1.0,2.0,1.0,2.0,66.0,22.0,9.0,0.0
2.227273,2.590909,1.0,2.0,6.0,2.0,2.0,1.0,1.0,1.0,3.0,65.2,29.0,9.0,1.0
2.425,2.767857,3.0,4.0,6.0,1.0,2.0,2.0,2.0,2.0,3.0,73.07,30.21,4.0,1.0
4.166667,3.978261,1.0,2.0,6.0,1.0,1.0,1.0,1.0,2.0,4.0,97.0,34.93,9.0,0.0
2.92,1.777778,1.0,2.0,6.0,2.0,2.0,1.0,2.0,2.0,4.0,76.69,31.0,9.0,0.0
3.020833,2.130435,3.0,4.0,6.0,2.0,2.0,2.0,2.0,2.0,3.0,80.16,34.0,8.0,1.0
2.409091,2.826087,1.0,2.0,6.0,2.0,1.0,1.0,1.0,2.0,3.0,73.0,27.0,4.0,1.0
3.35,4.5,1.0,2.0,6.0,2.0,1.0,1.0,2.0,1.0,3.0,71.0,21.0,9.0,0.0
0.795455,0.88713619,1.0,2.0,6.0,2.0,1.0,1.0,2.0,1.0,2.0,74.0,23.0,7.0,0.0
3.23913,3.25,1.0,2.0,6.0,2.0,2.0,1.0,2.0,2.0,2.0,78.66,46.0,9.0,1.0
4.264706,4.166667,1.0,2.0,6.0,2.0,2.0,1.0,1.0,2.0,3.0,101.0,40.26,9.0,1.0
2.104167,2.958333,3.0,4.0,6.0,2.0,2.0,2.0,2.0,1.0,2.0,75.0,48.0,8.0,1.0
3.565217,1.86,3.0,4.0,6.0,1.0,2.0,2.0,1.0,1.0,3.0,82.04,43.74,10.0,1.0
2.090909,1.53125,1.0,2.0,6.0,2.0,1.0,1.0,1.0,1.0,3.0,61.0,19.0,4.0,1.0
0.0,1.01949867,1.0,2.0,6.0,2.0,1.0,1.0,1.0,1.0,2.0,77.0,18.0,9.0,0.0
2.045455,2.2804726400000006,1.0,2.0,6.0,2.0,2.0,1.0,2.0,2.0,1.0,86.0,28.0,9.0,0.0
4.166667,4.413043,3.0,2.0,6.0,2.0,2.0,1.0,2.0,2.0,6.0,88.65,40.21,9.0,0.0
2.047619,2.368421,1.0,2.0,6.0,2.0,2.0,1.0,1.0,0.0,3.0,73.96,29.0,9.0,1.0
3.130435,2.480769,1.0,1.0,6.0,2.0,1.0,1.0,2.0,1.0,1.0,79.0,28.0,9.0,1.0
1.0831864999999994,0.6194854699999998,1.0,2.0,6.0,2.0,1.0,1.0,2.0,1.0,4.0,67.72,20.0,7.0,0.0
3.325,3.375,3.0,2.0,6.0,2.0,2.0,1.0,2.0,2.0,6.0,76.04,29.0,7.0,1.0
3.854167,3.791667,3.0,2.0,6.0,2.0,1.0,1.0,2.0,0.0,3.0,92.0,48.0,4.0,1.0
2.44,2.788462,3.0,4.0,6.0,1.0,2.0,2.0,1.0,2.0,3.0,73.11,32.65,8.0,1.0
3.263158,2.565217,1.0,2.0,6.0,2.0,2.0,1.0,2.0,1.0,2.0,85.0,29.66,8.0,1.0
3.217391,3.272727,1.0,2.0,6.0,2.0,1.0,1.0,1.0,1.0,2.0,73.0,27.0,9.0,1.0
2.47619,1.681818,1.0,2.0,6.0,2.0,2.0,1.0,2.0,0.0,4.0,57.0,29.0,4.0,1.0
4.0,3.884615,1.0,2.0,6.0,2.0,1.0,1.0,2.0,1.0,1.0,96.0,45.0,9.0,1.0
4.309524,4.142857,1.0,2.0,6.0,2.0,2.0,1.0,1.0,2.0,3.0,93.0,42.07,9.0,1.0
3.833333,3.28,1.0,2.0,6.0,2.0,2.0,1.0,2.0,2.0,7.0,82.97,46.0,8.0,1.0
4.0,4.083333,1.0,2.0,6.0,1.0,1.0,1.0,2.0,2.0,3.0,95.0,36.13,9.0,0.0
2.545455,1.025,3.0,2.0,6.0,2.0,2.0,1.0,2.0,1.0,2.0,69.0,26.69,8.0,0.0
1.54,0.3,1.0,2.0,6.0,2.0,2.0,1.0,2.0,1.0,1.0,62.0,26.0,9.0,1.0
4.113636,3.895833,3.0,4.0,6.0,1.0,2.0,2.0,2.0,2.0,3.0,95.52,45.91,10.0,1.0
4.021739,4.315789,1.0,2.0,6.0,2.0,2.0,1.0,1.0,2.0,3.0,95.0,30.0,9.0,1.0
2.928571,3.125,1.0,2.0,6.0,2.0,1.0,1.0,2.0,1.0,1.0,87.0,37.0,9.0,1.0
3.1,3.295455,3.0,4.0,6.0,1.0,2.0,2.0,2.0,1.0,4.0,80.82,34.33,7.0,1.0
2.071429,1.630902269999999,3.0,2.0,6.0,2.0,1.0,1.0,2.0,2.0,2.0,74.0,21.0,8.0,0.0
4.065217,3.952381,3.0,4.0,6.0,2.0,2.0,2.0,2.0,1.0,3.0,89.16,47.0,4.0,1.0
3.88,3.788462,3.0,4.0,6.0,1.0,2.0,2.0,2.0,2.0,3.0,90.95,46.04,8.0,1.0
2.804348,3.25,3.0,2.0,6.0,2.0,2.0,1.0,2.0,1.0,1.0,80.0,21.0,8.0,1.0
3.0625,0.7867301883333333,1.0,2.0,6.0,2.0,1.0,1.0,2.0,2.0,2.0,80.0,34.0,9.0,0.0
2.475,1.586957,1.0,2.0,6.0,2.0,1.0,1.0,2.0,1.0,2.0,71.0,33.0,9.0,1.0
3.94,3.148148,3.0,4.0,6.0,1.0,1.0,2.0,2.0,2.0,3.0,85.45,41.67,10.0,1.0
2.44,1.636364,3.0,4.0,6.0,1.0,2.0,2.0,2.0,1.0,3.0,71.07,29.37,8.0,1.0
2.166667,2.033333,3.0,4.0,6.0,1.0,2.0,2.0,1.0,1.0,3.0,63.6,32.73,9.0,1.0
4.357143,4.409091,1.0,8.0,6.0,2.0,2.0,1.0,2.0,0.0,5.0,88.1,34.0,9.0,1.0
4.111111,3.5,1.0,2.0,6.0,2.0,1.0,1.0,2.0,2.0,4.0,80.0,47.0,10.0,1.0
3.23913,3.309524,3.0,4.0,6.0,2.0,2.0,2.0,1.0,2.0,1.0,79.75,26.0,8.0,1.0
2.478261,2.576923,3.0,4.0,6.0,1.0,2.0,2.0,2.0,1.0,4.0,73.46,27.53,7.0,1.0
3.869565,2.782609,3.0,8.0,6.0,2.0,2.0,1.0,2.0,0.0,7.0,82.02,38.0,8.0,1.0
2.98,3.673077,3.0,4.0,6.0,1.0,1.0,2.0,2.0,2.0,3.0,83.72,38.05,10.0,1.0
3.684211,0.136364,1.0,2.0,6.0,2.0,2.0,1.0,2.0,2.0,3.0,92.0,29.0,9.0,0.0
3.82,4.083333,1.0,1.0,6.0,2.0,1.0,1.0,2.0,2.0,3.0,88.04,29.0,7.0,1.0
2.583333,2.875,3.0,4.0,6.0,1.0,2.0,2.0,2.0,2.0,3.0,77.32,39.98,8.0,1.0
3.652174,4.0,3.0,4.0,6.0,2.0,2.0,2.0,1.0,1.0,1.0,85.66,46.0,9.0,1.0
3.416667,3.886364,3.0,4.0,6.0,1.0,1.0,2.0,2.0,2.0,3.0,81.47,43.99,10.0,1.0
3.1875,4.020833,3.0,4.0,6.0,2.0,2.0,2.0,2.0,1.0,1.0,70.7,42.0,8.0,1.0
4.217391,4.24,3.0,4.0,6.0,1.0,2.0,2.0,1.0,1.0,3.0,93.5,47.6,9.0,1.0
4.285714,4.409091,1.0,2.0,6.0,2.0,1.0,1.0,2.0,1.0,4.0,91.0,45.0,9.0,1.0
0.214286,0.15635403000000003,1.0,2.0,6.0,2.0,2.0,1.0,2.0,1.0,1.0,57.0,18.0,7.0,0.0
1.956522,0.0,1.0,2.0,6.0,2.0,2.0,1.0,2.0,2.0,3.0,68.0,34.0,9.0,0.0
4.166667,4.309524,1.0,2.0,6.0,2.0,2.0,1.0,1.0,2.0,3.0,102.0,35.68,9.0,1.0
3.782609,3.227273,3.0,4.0,6.0,1.0,2.0,2.0,2.0,2.0,3.0,87.39,43.19,8.0,1.0
2.605263,1.880952,1.0,2.0,6.0,2.0,2.0,1.0,2.0,1.0,3.0,65.0,23.0,7.0,1.0
0.5,1.375,1.0,2.0,6.0,2.0,2.0,1.0,2.0,1.0,1.0,56.0,31.0,7.0,0.0
3.886364,4.333333,1.0,2.0,6.0,2.0,1.0,1.0,2.0,1.0,4.0,92.0,48.0,9.0,1.0
3.291667,3.863636,1.0,2.0,6.0,2.0,2.0,1.0,2.0,1.0,3.0,66.43,19.0,7.0,1.0
1.47619,1.333333,1.0,2.0,6.0,2.0,2.0,1.0,2.0,1.0,2.0,75.0,36.0,8.0,1.0
2.772727,2.678571,1.0,2.0,6.0,2.0,2.0,1.0,2.0,0.0,3.0,81.0,25.0,8.0,1.0
3.804348,4.096154,3.0,4.0,6.0,2.0,2.0,2.0,1.0,1.0,1.0,88.94,46.0,8.0,1.0
3.54,3.565217,3.0,4.0,6.0,1.0,2.0,2.0,1.0,1.0,3.0,88.904,41.96,8.0,1.0
4.2,3.956522,3.0,2.0,6.0,2.0,2.0,1.0,2.0,2.0,3.0,86.47,49.0,8.0,1.0
4.16,2.4436696801666655,3.0,2.0,6.0,2.0,2.0,1.0,2.0,2.0,7.0,79.0,48.0,4.0,0.0
3.3125,3.0,1.0,2.0,6.0,2.0,2.0,1.0,2.0,2.0,6.0,78.77,39.0,8.0,1.0
2.5,0.6,1.0,2.0,6.0,2.0,2.0,1.0,2.0,1.0,1.0,71.0,18.0,7.0,1.0
3.666667,2.892857,3.0,4.0,6.0,1.0,2.0,2.0,2.0,1.0,3.0,78.32,42.57,7.0,1.0
3.5,1.275,1.0,2.0,6.0,2.0,2.0,1.0,2.0,1.0,3.0,81.0,44.0,9.0,0.0
2.6875,1.294118,1.0,2.0,6.0,2.0,2.0,1.0,2.0,2.0,3.0,85.0,28.0,9.0,1.0
2.291667,0.0,3.0,2.0,6.0,2.0,2.0,1.0,2.0,1.0,2.0,89.0,18.0,7.0,1.0
3.142857,2.466667,1.0,2.0,6.0,2.0,1.0,1.0,2.0,1.0,2.0,69.0,21.0,9.0,1.0
0.0,2.169877116666667,3.0,4.0,6.0,2.0,2.0,2.0,2.0,1.0,2.0,76.58,33.0,4.0,0.0
3.18,3.521739,1.0,2.0,6.0,2.0,2.0,1.0,2.0,1.0,2.0,84.0,31.0,7.0,1.0
3.934783,3.9,3.0,4.0,6.0,1.0,2.0,2.0,1.0,2.0,3.0,92.12,45.55,10.0,1.0
2.638889,2.038462,3.0,4.0,6.0,1.0,2.0,2.0,2.0,1.0,3.0,68.08,33.97,8.0,1.0
4.119048,3.386364,3.0,2.0,6.0,2.0,1.0,1.0,2.0,0.0,2.0,85.44,49.0,9.0,1.0
2.916667,2.980769,3.0,4.0,6.0,1.0,1.0,2.0,2.0,2.0,3.0,77.78,38.43,10.0,1.0
3.7,2.583333,1.0,2.0,6.0,2.0,2.0,1.0,2.0,1.0,3.0,78.0,27.0,9.0,1.0
3.68,3.454545,3.0,4.0,6.0,1.0,2.0,2.0,2.0,2.0,3.0,85.47,45.03,10.0,1.0
3.26087,3.4,1.0,2.0,6.0,2.0,1.0,1.0,2.0,1.0,1.0,82.0,34.0,9.0,1.0
2.588235,1.225,1.0,2.0,6.0,2.0,2.0,1.0,2.0,1.0,1.0,80.0,31.0,7.0,0.0
0.0,1.4672045699999998,1.0,2.0,6.0,2.0,2.0,1.0,2.0,0.0,3.0,75.24,39.0,4.0,0.0
3.818182,3.078947,1.0,2.0,6.0,2.0,2.0,1.0,2.0,2.0,1.0,85.0,35.0,9.0,1.0
0.0,0.0,1.0,2.0,6.0,2.0,2.0,1.0,2.0,1.0,3.0,65.61077705627707,19.0,9.0,1.0
3.785714,2.788462,3.0,2.0,6.0,2.0,1.0,1.0,2.0,2.0,6.0,82.81,35.0,8.0,1.0
2.434783,1.944444,3.0,4.0,6.0,2.0,2.0,2.0,2.0,1.0,1.0,73.12,39.0,4.0,1.0
3.38,3.038462,3.0,4.0,6.0,1.0,2.0,2.0,1.0,2.0,3.0,82.9,44.35,10.0,1.0
3.852941,2.222222,1.0,2.0,6.0,2.0,2.0,1.0,2.0,1.0,3.0,57.0,48.0,9.0,1.0
3.3,2.886364,1.0,2.0,6.0,2.0,2.0,1.0,2.0,2.0,6.0,80.5,36.0,8.0,0.0
2.047619,1.725,3.0,2.0,6.0,2.0,2.0,1.0,2.0,1.0,1.0,65.0,21.56,7.0,1.0
4.214286,4.152174,1.0,2.0,6.0,2.0,1.0,1.0,2.0,2.0,4.0,73.0,49.0,9.0,1.0
2.0,2.181818,3.0,2.0,6.0,2.0,2.0,1.0,2.0,1.0,6.0,77.0,29.0,4.0,1.0
3.117647,1.14,3.0,2.0,6.0,2.0,1.0,1.0,1.0,2.0,3.0,53.0,25.0,8.0,1.0
1.283724170000001,0.9986204999999997,1.0,2.0,6.0,2.0,1.0,1.0,2.0,2.0,2.0,60.0,32.0,9.0,0.0
2.090909,1.0,1.0,2.0,6.0,2.0,1.0,1.0,2.0,1.0,1.0,83.0,41.0,9.0,1.0
3.543478,3.386364,3.0,4.0,6.0,1.0,2.0,2.0,2.0,2.0,3.0,78.95,38.87,4.0,1.0
3.326087,2.090909,1.0,2.0,6.0,2.0,1.0,1.0,2.0,0.0,3.0,70.19,32.0,9.0,1.0
2.545455,1.947368,1.0,2.0,6.0,2.0,1.0,1.0,2.0,1.0,3.0,74.0,22.0,9.0,1.0
3.421053,2.886364,1.0,2.0,6.0,2.0,1.0,1.0,2.0,1.0,3.0,80.0,19.0,9.0,1.0
2.545455,0.732143,3.0,4.0,6.0,1.0,2.0,2.0,1.0,2.0,3.0,71.32,26.92,10.0,1.0
2.694444,2.269231,3.0,4.0,6.0,1.0,2.0,2.0,2.0,1.0,3.0,68.56,32.07,7.0,1.0
2.0625,0.0,1.0,2.0,6.0,2.0,2.0,1.0,2.0,1.0,2.0,76.0,31.18,9.0,1.0
3.652174,3.714286,1.0,2.0,6.0,2.0,1.0,1.0,1.0,2.0,4.0,75.0,17.0,9.0,1.0
2.25,2.068182,3.0,4.0,6.0,2.0,2.0,2.0,2.0,1.0,2.0,76.84,40.0,8.0,1.0
3.388889,3.458333,3.0,4.0,6.0,2.0,2.0,2.0,2.0,1.0,3.0,83.88,41.52,8.0,1.0
0.722222,0.4354588000000002,1.0,2.0,6.0,2.0,2.0,1.0,2.0,1.0,1.0,56.0,21.0,7.0,0.0
2.8,2.980769,3.0,4.0,6.0,1.0,1.0,2.0,2.0,2.0,3.0,77.44,40.85,10.0,1.0
2.275,0.875,1.0,2.0,6.0,2.0,2.0,1.0,2.0,1.0,2.0,65.0,22.0,7.0,0.0
3.02,2.958333,1.0,1.0,6.0,2.0,1.0,1.0,2.0,1.0,1.0,81.0,20.0,9.0,1.0
3.5,3.477273,3.0,2.0,6.0,2.0,1.0,1.0,2.0,2.0,2.0,79.0,34.0,7.0,1.0
4.043478,4.0,3.0,4.0,6.0,2.0,2.0,2.0,2.0,1.0,3.0,91.13,43.0,8.0,1.0
2.826087,2.615385,3.0,4.0,6.0,1.0,2.0,2.0,2.0,1.0,3.0,70.9,33.34,8.0,1.0
0.97619,0.9640183099999998,1.0,2.0,6.0,2.0,2.0,1.0,2.0,2.0,2.0,66.0,25.0,8.0,0.0
3.4,3.391304,1.0,2.0,6.0,2.0,2.0,1.0,2.0,0.0,6.0,80.61,18.0,9.0,1.0
2.263158,1.727273,1.0,2.0,6.0,2.0,2.0,1.0,2.0,1.0,2.0,76.0,21.0,7.0,1.0
2.58,3.375,1.0,2.0,6.0,2.0,1.0,1.0,2.0,1.0,2.0,76.0,27.0,9.0,1.0
4.047619,3.529412,3.0,4.0,6.0,2.0,2.0,2.0,2.0,1.0,4.0,84.21,47.0,9.0,1.0
2.583333,1.525,3.0,4.0,6.0,1.0,2.0,2.0,2.0,1.0,3.0,74.79,43.0,7.0,1.0
2.833333,2.818182,1.0,2.0,6.0,2.0,2.0,1.0,2.0,1.0,1.0,85.0,32.0,7.0,1.0
2.5625,2.22,3.0,4.0,6.0,2.0,2.0,2.0,2.0,2.0,1.0,80.02,49.0,8.0,1.0
3.56,3.7,3.0,2.0,6.0,2.0,2.0,1.0,2.0,1.0,2.0,100.0,44.0,8.0,1.0
2.4375,3.227273,1.0,2.0,6.0,2.0,2.0,1.0,2.0,1.0,1.0,79.0,24.0,7.0,1.0
0.386364,1.5572353399999983,1.0,2.0,6.0,2.0,2.0,1.0,1.0,2.0,2.0,75.0,19.0,9.0,0.0
2.913043,3.153846,3.0,4.0,6.0,1.0,2.0,2.0,1.0,1.0,3.0,81.98,34.98,7.0,1.0
3.125,1.892857,1.0,2.0,6.0,2.0,2.0,1.0,2.0,2.0,3.0,83.0,28.0,9.0,1.0
4.25,3.571429,1.0,2.0,6.0,2.0,1.0,1.0,2.0,1.0,1.0,93.0,44.0,9.0,1.0
3.6,2.777778,1.0,2.0,6.0,2.0,2.0,1.0,2.0,1.0,1.0,83.0,38.0,9.0,1.0
3.270833,2.729167,3.0,4.0,6.0,1.0,1.0,2.0,2.0,1.0,3.0,83.39,37.47,10.0,1.0
3.5,3.928571,1.0,2.0,6.0,2.0,1.0,1.0,1.0,2.0,5.0,86.0,41.0,9.0,1.0
4.4,4.166667,3.0,4.0,6.0,1.0,2.0,2.0,2.0,1.0,3.0,91.93,47.21,7.0,1.0
4.0,3.238095,1.0,2.0,6.0,2.0,2.0,1.0,1.0,1.0,2.0,90.0,39.1,9.0,1.0
0.931818,1.8431895000000011,1.0,2.0,6.0,2.0,2.0,1.0,2.0,0.0,3.0,77.21,26.0,9.0,0.0
1.575,1.108696,3.0,2.0,6.0,2.0,2.0,1.0,2.0,1.0,3.0,52.0,21.0,4.0,0.0
2.16,1.166667,1.0,2.0,6.0,2.0,2.0,1.0,2.0,0.0,5.0,61.0,21.0,7.0,1.0
3.020833,2.961538,3.0,4.0,6.0,1.0,2.0,2.0,2.0,1.0,4.0,80.88,38.78,10.0,1.0
4.131579,3.90625,1.0,2.0,6.0,2.0,2.0,1.0,2.0,1.0,3.0,98.0,36.0,9.0,1.0
2.833333,1.883333,3.0,4.0,6.0,1.0,2.0,2.0,2.0,1.0,3.0,74.17,25.56,8.0,1.0
3.325,3.318182,3.0,4.0,6.0,1.0,2.0,2.0,2.0,1.0,3.0,78.63,35.86,4.0,1.0
1.157895,1.0610341699999997,1.0,2.0,6.0,2.0,2.0,1.0,2.0,1.0,3.0,52.0,23.23,7.0,0.0
3.347826,3.5,1.0,2.0,6.0,2.0,1.0,1.0,1.0,1.0,3.0,85.36,38.0,7.0,1.0
3.305556,3.673077,3.0,4.0,6.0,1.0,2.0,2.0,2.0,1.0,3.0,79.64,36.25,7.0,1.0
2.54,3.108696,1.0,2.0,6.0,2.0,2.0,1.0,2.0,1.0,2.0,66.0,12.0,7.0,1.0
3.269231,2.105263,1.0,2.0,6.0,2.0,1.0,1.0,1.0,1.0,2.0,67.0,28.0,9.0,1.0
0.0,0.43388343999999995,1.0,2.0,6.0,2.0,2.0,1.0,2.0,1.0,1.0,63.0,23.0,7.0,0.0
3.454545,3.346154,1.0,2.0,6.0,2.0,2.0,1.0,1.0,2.0,3.0,69.0,25.0,9.0,1.0
0.0,1.9749495600000009,1.0,2.0,6.0,2.0,2.0,1.0,2.0,1.0,2.0,70.0,29.0,9.0,0.0
1.4375,0.0,1.0,2.0,6.0,2.0,2.0,1.0,2.0,1.0,3.0,71.0,27.0,9.0,0.0
4.021739,3.880952,3.0,4.0,6.0,2.0,2.0,2.0,1.0,1.0,1.0,91.16,44.0,7.0,1.0
2.0,1.833333,1.0,2.0,6.0,2.0,2.0,1.0,2.0,1.0,3.0,54.0,21.0,7.0,1.0
0.5625,0.9155430199999999,1.0,2.0,6.0,2.0,1.0,1.0,2.0,1.0,3.0,68.0,15.0,9.0,0.0
4.357143,4.409091,1.0,2.0,6.0,2.0,1.0,1.0,2.0,2.0,4.0,82.0,42.0,9.0,1.0
3.804348,3.782609,3.0,4.0,6.0,1.0,2.0,2.0,2.0,2.0,3.0,92.97,45.72,8.0,1.0
4.130435,4.095238,3.0,2.0,6.0,2.0,1.0,1.0,2.0,2.0,3.0,80.0,44.0,8.0,1.0
2.714286,2.722222,1.0,2.0,6.0,2.0,2.0,1.0,2.0,1.0,6.0,77.27,25.0,9.0,0.0
2.869565,3.16,3.0,4.0,6.0,1.0,2.0,2.0,2.0,2.0,3.0,82.61,37.5,10.0,1.0
0.25,1.6833132200000023,1.0,2.0,6.0,2.0,2.0,1.0,3.0,1.0,2.0,70.0,27.0,9.0,0.0
1.857143,0.428571,1.0,2.0,6.0,2.0,1.0,1.0,2.0,2.0,1.0,74.0,24.0,7.0,1.0
2.184211,0.5625,1.0,2.0,6.0,2.0,2.0,1.0,2.0,1.0,1.0,66.0,18.0,9.0,1.0
1.805556,2.473684,3.0,4.0,6.0,2.0,2.0,2.0,2.0,1.0,2.0,67.77,37.0,8.0,1.0
4.058824,2.886364,3.0,4.0,6.0,1.0,1.0,2.0,2.0,1.0,3.0,85.05,44.15,10.0,1.0
3.895833,3.75,3.0,4.0,6.0,1.0,2.0,2.0,2.0,2.0,3.0,92.14,46.0,10.0,1.0
3.02,2.2,1.0,2.0,6.0,2.0,1.0,1.0,2.0,1.0,1.0,86.0,20.0,7.0,1.0
2.86,2.380952,3.0,2.0,6.0,2.0,2.0,1.0,2.0,1.0,2.0,60.0,24.0,4.0,1.0
3.0,2.5,1.0,2.0,6.0,2.0,2.0,1.0,2.0,2.0,2.0,75.0,26.0,7.0,1.0
2.18,1.566667,1.0,2.0,6.0,2.0,2.0,1.0,2.0,1.0,2.0,65.0,26.59,9.0,0.0
3.818182,1.75,1.0,2.0,6.0,2.0,1.0,1.0,2.0,2.0,3.0,82.0,19.0,10.0,1.0
3.73913,3.173077,3.0,4.0,6.0,1.0,2.0,2.0,1.0,2.0,3.0,88.57,43.2,8.0,1.0
3.145833,2.727273,3.0,2.0,6.0,2.0,2.0,1.0,2.0,1.0,1.0,77.0,31.0,8.0,0.0
4.1,4.047619,3.0,4.0,6.0,1.0,2.0,2.0,1.0,1.0,3.0,97.22,46.69,9.0,1.0
4.145833,3.5,1.0,2.0,6.0,2.0,2.0,1.0,2.0,0.0,2.0,107.0,34.0,9.0,1.0
3.804348,3.307692,3.0,4.0,6.0,1.0,2.0,2.0,1.0,2.0,3.0,89.8,41.04,10.0,1.0
0.736842,0.833333,1.0,2.0,6.0,2.0,1.0,1.0,2.0,1.0,1.0,70.0,20.0,9.0,1.0
4.16,4.0,1.0,2.0,6.0,2.0,2.0,1.0,2.0,1.0,1.0,87.0,30.0,9.0,1.0
3.395833,3.673913,3.0,4.0,6.0,1.0,2.0,2.0,2.0,2.0,3.0,82.67,42.37,8.0,1.0
2.815789,1.85,3.0,4.0,6.0,2.0,2.0,2.0,2.0,1.0,2.0,67.99,30.0,4.0,1.0
3.441176,1.363636,1.0,2.0,6.0,1.0,2.0,1.0,1.0,2.0,3.0,90.0,33.46,9.0,0.0
3.047619,2.772727,1.0,2.0,6.0,2.0,2.0,1.0,2.0,2.0,3.0,81.15,29.0,9.0,1.0
0.5,1.857143,1.0,2.0,6.0,2.0,1.0,1.0,2.0,1.0,2.0,83.0,42.0,9.0,0.0
3.875,4.0,3.0,4.0,6.0,1.0,2.0,2.0,2.0,2.0,3.0,93.49,44.86,8.0,1.0
0.0,0.0,1.0,2.0,6.0,2.0,2.0,1.0,1.0,0.0,2.0,66.0,27.0,9.0,0.0
3.5,3.25,1.0,2.0,6.0,2.0,1.0,1.0,1.0,0.0,7.0,73.0,32.0,10.0,1.0
4.428571,3.698692569999999,1.0,2.0,6.0,2.0,2.0,1.0,1.0,2.0,3.0,100.0,36.24,9.0,0.0
3.1,3.0,3.0,2.0,6.0,2.0,2.0,1.0,2.0,1.0,1.0,84.0,30.0,9.0,1.0
3.479167,3.277778,3.0,2.0,6.0,2.0,1.0,1.0,2.0,2.0,6.0,76.82,42.0,8.0,1.0
3.673913,3.075,1.0,2.0,6.0,2.0,1.0,1.0,2.0,1.0,1.0,76.0,38.0,9.0,1.0
3.295455,3.159091,1.0,2.0,6.0,2.0,1.0,1.0,2.0,1.0,2.0,89.0,20.0,7.0,1.0
3.875,4.115385,3.0,4.0,6.0,1.0,1.0,2.0,2.0,2.0,3.0,93.65,45.78,10.0,1.0
3.22,2.857143,1.0,2.0,6.0,2.0,2.0,1.0,2.0,1.0,1.0,86.0,39.0,9.0,1.0
3.479167,3.285714,1.0,2.0,6.0,2.0,1.0,1.0,2.0,1.0,1.0,86.0,39.0,10.0,1.0
3.583333,1.666667,1.0,2.0,6.0,2.0,2.0,1.0,2.0,1.0,1.0,79.06,35.0,9.0,1.0
1.184211,0.136364,1.0,2.0,6.0,2.0,1.0,1.0,2.0,1.0,1.0,62.0,14.0,7.0,0.0
3.285714,3.526316,1.0,2.0,6.0,2.0,2.0,1.0,2.0,2.0,6.0,71.0,34.0,9.0,1.0
3.181818,2.727273,1.0,4.0,6.0,2.0,1.0,2.0,2.0,1.0,3.0,79.51,38.0,9.0,1.0
2.368421,1.2034199100000003,1.0,2.0,6.0,2.0,1.0,1.0,2.0,0.0,1.0,74.0,25.0,7.0,0.0
2.25,1.705882,3.0,2.0,6.0,2.0,2.0,1.0,2.0,1.0,2.0,92.0,35.0,10.0,1.0
0.26087,0.0,1.0,2.0,6.0,2.0,2.0,1.0,2.0,0.0,2.0,45.0,18.0,9.0,0.0
3.58,2.978261,1.0,2.0,6.0,2.0,2.0,1.0,2.0,1.0,1.0,87.0,36.0,7.0,1.0
2.75,2.384615,3.0,4.0,6.0,1.0,2.0,2.0,2.0,2.0,3.0,71.57,37.66,8.0,1.0
3.26087,2.461538,3.0,4.0,6.0,1.0,1.0,2.0,2.0,2.0,3.0,81.29,36.4,10.0,1.0
0.0,0.6492823899999999,1.0,4.0,6.0,2.0,2.0,2.0,2.0,0.0,2.0,67.0,6.0,7.0,0.0
4.4375,4.32,3.0,4.0,6.0,2.0,2.0,2.0,2.0,0.0,3.0,95.68,48.0,8.0,1.0
3.552632,3.78,3.0,4.0,6.0,1.0,2.0,2.0,2.0,2.0,3.0,91.755,43.22,8.0,1.0
1.928571,3.676471,1.0,2.0,6.0,2.0,2.0,1.0,2.0,1.0,3.0,57.0,22.0,9.0,1.0
2.717391,2.384615,3.0,4.0,6.0,1.0,2.0,2.0,1.0,2.0,3.0,78.88,33.01,8.0,1.0
2.0,2.2,1.0,2.0,6.0,2.0,2.0,1.0,2.0,1.0,1.0,64.0,28.91,9.0,1.0
1.75,0.727273,3.0,2.0,6.0,2.0,1.0,1.0,2.0,1.0,2.0,58.0,17.0,9.0,1.0
0.681818,0.6311678700000001,1.0,2.0,6.0,2.0,2.0,1.0,2.0,1.0,1.0,68.0,16.0,7.0,0.0
4.238095,4.086957,1.0,2.0,6.0,2.0,1.0,1.0,2.0,2.0,3.0,88.0,35.0,9.0,1.0
0.0,0.0,1.0,2.0,6.0,2.0,1.0,1.0,2.0,1.0,2.0,74.0,27.0,9.0,0.0
3.708333,4.0,1.0,2.0,6.0,2.0,1.0,1.0,2.0,1.0,1.0,87.0,46.0,9.0,1.0
2.416667,2.125,3.0,4.0,6.0,1.0,2.0,2.0,2.0,1.0,3.0,75.69,29.76,3.0,1.0
2.652174,3.466667,1.0,2.0,6.0,2.0,2.0,1.0,1.0,1.0,1.0,72.0,20.0,9.0,1.0
2.66,0.8,1.0,2.0,6.0,2.0,2.0,1.0,2.0,1.0,2.0,78.0,26.0,9.0,0.0
1.833333,1.2329386499999995,3.0,4.0,6.0,2.0,1.0,2.0,1.0,1.0,1.0,73.06,38.0,8.0,0.0
3.916667,4.166667,3.0,4.0,6.0,2.0,2.0,2.0,2.0,1.0,1.0,87.34,47.0,7.0,1.0
2.175,2.25,3.0,4.0,6.0,1.0,2.0,2.0,1.0,2.0,3.0,58.03,32.22,8.0,1.0
0.333333,0.9777354899999997,1.0,2.0,6.0,2.0,1.0,1.0,2.0,1.0,1.0,71.0,27.0,9.0,0.0
3.630435,3.416667,3.0,4.0,6.0,2.0,2.0,2.0,1.0,2.0,1.0,84.38,41.0,10.0,1.0
3.205882,2.973684,3.0,4.0,6.0,1.0,2.0,2.0,2.0,1.0,3.0,82.34,41.25,10.0,1.0
2.388889,2.692308,3.0,4.0,6.0,1.0,2.0,2.0,2.0,1.0,3.0,79.62,28.36,8.0,1.0
2.75,1.6928575099999983,1.0,2.0,6.0,2.0,2.0,1.0,2.0,1.0,3.0,76.0,20.0,9.0,0.0
4.043478,3.826923,3.0,4.0,6.0,1.0,2.0,2.0,1.0,2.0,3.0,90.7,45.22,7.0,1.0
3.1875,2.923077,3.0,2.0,6.0,2.0,2.0,1.0,2.0,2.0,4.0,85.39,23.0,4.0,1.0
3.025,2.772727,3.0,4.0,6.0,1.0,2.0,2.0,1.0,1.0,4.0,81.7,33.18,8.0,1.0
2.6,1.825,3.0,2.0,6.0,2.0,2.0,1.0,2.0,1.0,1.0,76.0,32.0,3.0,1.0
2.68,2.190476,1.0,2.0,6.0,2.0,2.0,1.0,2.0,1.0,3.0,65.0,19.0,7.0,1.0
3.86,3.722222,1.0,2.0,6.0,2.0,2.0,1.0,2.0,0.0,3.0,78.0,28.0,9.0,1.0
3.363636,2.444444,3.0,4.0,6.0,1.0,2.0,2.0,1.0,1.0,3.0,82.63,33.82,7.0,1.0
3.586957,3.416667,3.0,4.0,6.0,2.0,2.0,2.0,1.0,1.0,2.0,84.51,42.0,8.0,1.0
2.891304,3.666667,3.0,4.0,6.0,2.0,2.0,2.0,2.0,2.0,3.0,80.81,26.0,8.0,1.0
2.0,0.0,3.0,4.0,6.0,2.0,2.0,2.0,2.0,2.0,1.0,72.81,40.0,8.0,1.0
1.9,2.590909,3.0,4.0,6.0,1.0,2.0,2.0,2.0,1.0,3.0,67.31,25.76,4.0,1.0
0.886364,0.0,1.0,2.0,6.0,2.0,2.0,1.0,2.0,1.0,2.0,74.11,35.0,9.0,0.0
2.75,2.958333,3.0,4.0,6.0,1.0,1.0,2.0,2.0,1.0,2.0,79.49,41.7,8.0,1.0
3.204545,2.4321232200000016,1.0,2.0,6.0,2.0,2.0,1.0,2.0,1.0,1.0,84.0,28.0,10.0,0.0
3.880952,3.894737,1.0,2.0,6.0,2.0,1.0,1.0,2.0,2.0,3.0,87.0,35.0,9.0,1.0
4.12,4.296296,3.0,4.0,6.0,1.0,1.0,2.0,1.0,2.0,3.0,96.63,48.0,10.0,1.0
2.083333,1.763158,1.0,2.0,6.0,2.0,1.0,1.0,2.0,0.0,3.0,73.19,17.86,3.0,0.0
3.441176,4.0,1.0,2.0,6.0,2.0,2.0,1.0,1.0,1.0,1.0,94.0,27.0,9.0,1.0
2.416667,0.0,1.0,2.0,6.0,2.0,1.0,1.0,1.0,1.0,2.0,77.0,26.0,3.0,1.0
0.0,3.2593133049999987,1.0,2.0,6.0,2.0,1.0,1.0,2.0,2.0,2.0,95.0,45.0,7.0,0.0
4.238095,4.318182,3.0,2.0,6.0,2.0,2.0,1.0,2.0,2.0,7.0,88.29,43.0,4.0,1.0
3.42,2.277778,1.0,2.0,6.0,2.0,2.0,1.0,2.0,1.0,5.0,83.0,31.0,9.0,1.0
3.230769,3.021739,3.0,4.0,6.0,1.0,2.0,2.0,2.0,2.0,3.0,81.86,40.48,10.0,1.0
2.729167,2.84,1.0,4.0,6.0,2.0,1.0,2.0,1.0,1.0,2.0,77.54,38.0,7.0,1.0
1.2057022300000007,1.537572478333332,1.0,2.0,6.0,2.0,2.0,1.0,2.0,1.0,1.0,80.0,31.0,7.0,0.0
1.55,1.105263,1.0,2.0,6.0,2.0,2.0,1.0,2.0,1.0,1.0,73.0,18.0,8.0,1.0
2.5,2.5,1.0,1.0,6.0,2.0,1.0,1.0,2.0,1.0,1.0,70.0,20.0,9.0,1.0
1.34375,3.142857,1.0,2.0,6.0,2.0,1.0,1.0,2.0,1.0,1.0,77.0,19.0,7.0,1.0
3.38,3.875,1.0,1.0,6.0,2.0,1.0,1.0,2.0,1.0,2.0,63.0,27.32,7.0,1.0
2.630435,2.821429,3.0,4.0,6.0,2.0,2.0,2.0,2.0,2.0,1.0,75.72,46.0,10.0,1.0
4.119048,3.3,3.0,4.0,6.0,2.0,2.0,2.0,2.0,1.0,1.0,83.74,48.0,8.0,1.0
3.954545,4.0,3.0,2.0,6.0,2.0,1.0,1.0,1.0,2.0,5.0,86.69,48.0,8.0,1.0
4.104167,3.7,3.0,4.0,6.0,1.0,2.0,2.0,1.0,2.0,3.0,89.0075,45.81,10.0,1.0
2.119048,2.68,3.0,4.0,6.0,1.0,2.0,2.0,2.0,2.0,3.0,72.52,31.26,8.0,1.0
1.785714,1.2581122699999998,1.0,2.0,6.0,2.0,1.0,1.0,2.0,2.0,3.0,73.0,20.0,9.0,0.0
3.619048,3.738095,1.0,2.0,6.0,2.0,2.0,1.0,1.0,2.0,7.0,78.0,37.0,9.0,1.0
2.36,0.45802021,1.0,2.0,6.0,2.0,2.0,1.0,2.0,1.0,2.0,68.0,27.0,7.0,0.0
3.23913,3.44,3.0,4.0,6.0,1.0,2.0,2.0,1.0,1.0,3.0,82.98,34.84,9.0,1.0
3.36,2.44,3.0,2.0,6.0,2.0,1.0,1.0,2.0,1.0,2.0,77.0,33.0,8.0,1.0
3.4375,3.681818,1.0,2.0,6.0,2.0,1.0,1.0,2.0,0.0,3.0,92.0,41.0,9.0,1.0
3.6,2.638889,1.0,2.0,6.0,2.0,2.0,1.0,2.0,1.0,2.0,77.0,29.37,9.0,1.0
0.47619,1.9743752611666656,1.0,2.0,6.0,2.0,1.0,1.0,2.0,1.0,1.0,81.0,31.0,9.0,0.0
3.645833,3.305556,3.0,2.0,6.0,2.0,1.0,1.0,2.0,2.0,2.0,95.0,46.0,10.0,1.0
2.886364,0.8899973994999999,1.0,2.0,6.0,2.0,1.0,1.0,2.0,1.0,2.0,82.0,34.0,9.0,0.0
1.525,1.84375,1.0,2.0,6.0,2.0,2.0,1.0,2.0,1.0,1.0,79.0,17.0,9.0,1.0
1.571429,1.710526,1.0,2.0,6.0,2.0,1.0,1.0,2.0,1.0,1.0,73.0,32.0,9.0,1.0
2.72,0.909091,1.0,2.0,6.0,2.0,2.0,1.0,2.0,1.0,2.0,63.0,16.0,8.0,1.0
3.847826,3.7,3.0,4.0,6.0,1.0,2.0,2.0,1.0,1.0,3.0,85.0425,44.89,9.0,1.0
3.729167,3.761905,1.0,2.0,6.0,2.0,1.0,1.0,2.0,2.0,3.0,98.0,38.0,9.0,1.0
0.0,1.8027521389999983,3.0,4.0,6.0,1.0,2.0,2.0,1.0,1.0,6.0,74.24,28.91,7.0,0.0
4.173913,3.557692,1.0,1.0,6.0,2.0,1.0,1.0,2.0,1.0,1.0,91.0,27.0,7.0,1.0
0.375,1.3963237100000003,1.0,2.0,6.0,2.0,2.0,1.0,2.0,1.0,1.0,71.0,25.0,3.0,0.0
4.195652,4.115385,1.0,1.0,6.0,2.0,1.0,1.0,2.0,1.0,2.0,85.0,41.0,7.0,1.0
2.25,2.666667,1.0,2.0,6.0,2.0,2.0,1.0,1.0,1.0,2.0,73.0,20.0,7.0,1.0
3.0625,3.5625,3.0,4.0,6.0,2.0,2.0,2.0,2.0,2.0,1.0,84.04,48.0,8.0,1.0
3.26087,3.714286,1.0,2.0,6.0,2.0,1.0,1.0,2.0,0.0,2.0,82.0,41.0,7.0,1.0
2.863636,3.125,1.0,2.0,6.0,2.0,2.0,1.0,2.0,2.0,6.0,80.74,17.0,9.0,1.0
4.166667,4.444444,3.0,4.0,6.0,2.0,2.0,2.0,1.0,1.0,4.0,93.81,43.0,10.0,1.0
2.176471,2.361111,1.0,2.0,6.0,2.0,2.0,1.0,2.0,1.0,3.0,25.0,13.0,3.0,1.0
2.92,2.25,1.0,2.0,6.0,2.0,2.0,1.0,2.0,1.0,1.0,87.0,42.0,9.0,1.0
3.84,3.28,3.0,4.0,6.0,1.0,1.0,2.0,2.0,1.0,3.0,81.48,39.42,7.0,1.0
3.904762,4.022727,3.0,8.0,6.0,2.0,2.0,1.0,2.0,1.0,5.0,90.56,47.0,4.0,1.0
0.0,3.7,1.0,2.0,6.0,2.0,2.0,1.0,2.0,1.0,4.0,79.0,25.0,9.0,1.0
3.5,3.08,3.0,4.0,6.0,1.0,2.0,2.0,1.0,2.0,3.0,81.05,41.98,10.0,1.0
4.134615,4.347826,3.0,4.0,6.0,1.0,2.0,2.0,1.0,2.0,3.0,94.1,47.0,9.0,1.0
3.7,0.0,1.0,2.0,6.0,2.0,2.0,1.0,2.0,1.0,2.0,85.0,30.54,9.0,1.0
4.107143,4.111111,1.0,2.0,6.0,2.0,2.0,1.0,2.0,2.0,3.0,96.0,36.95,9.0,1.0
3.225,2.652174,3.0,2.0,6.0,2.0,1.0,1.0,2.0,1.0,1.0,72.0,33.0,3.0,1.0
3.272727,2.727273,1.0,2.0,6.0,2.0,1.0,1.0,2.0,1.0,1.0,84.0,25.0,7.0,1.0
2.909091,2.795455,1.0,2.0,6.0,2.0,1.0,1.0,2.0,1.0,1.0,76.0,38.0,7.0,1.0
2.055556,2.153846,3.0,4.0,6.0,1.0,2.0,2.0,2.0,2.0,3.0,74.72,30.79,8.0,1.0
2.615385,2.34,3.0,4.0,6.0,1.0,2.0,2.0,1.0,1.0,3.0,69.06,35.43,9.0,1.0
3.97619,3.847826,3.0,2.0,6.0,2.0,1.0,1.0,1.0,1.0,1.0,85.0,29.0,9.0,1.0
2.9,2.625,3.0,4.0,6.0,2.0,2.0,2.0,2.0,2.0,2.0,66.15,34.0,8.0,1.0
2.690476,3.111111,3.0,4.0,6.0,1.0,2.0,2.0,2.0,1.0,3.0,78.29,39.11,9.0,1.0
4.083333,3.980769,3.0,4.0,6.0,1.0,1.0,2.0,1.0,1.0,3.0,95.71,46.88,9.0,1.0
4.304348,3.673077,3.0,4.0,6.0,2.0,2.0,2.0,2.0,1.0,1.0,91.57,46.0,8.0,1.0
2.52,3.225,1.0,2.0,6.0,2.0,2.0,1.0,2.0,1.0,3.0,73.0,26.0,9.0,1.0
3.973684,3.75,3.0,8.0,6.0,2.0,2.0,1.0,2.0,0.0,6.0,91.95,39.0,10.0,1.0
4.125,3.275,3.0,4.0,6.0,1.0,1.0,2.0,2.0,1.0,3.0,83.67,42.84,9.0,1.0
1.675,2.5,3.0,4.0,6.0,1.0,2.0,2.0,1.0,2.0,3.0,71.76,29.97,8.0,1.0
2.82,2.270833,1.0,1.0,6.0,2.0,1.0,1.0,2.0,1.0,2.0,48.0,30.28,9.0,1.0
0.727273,1.7813763299999983,1.0,2.0,6.0,2.0,2.0,1.0,2.0,1.0,6.0,75.0,24.0,9.0,0.0
3.388889,3.44,3.0,4.0,6.0,1.0,2.0,2.0,2.0,1.0,3.0,84.76,41.52,9.0,1.0
3.065217,2.631579,1.0,4.0,6.0,2.0,1.0,2.0,2.0,1.0,4.0,72.26,21.0,7.0,1.0
3.108696,3.22,3.0,8.0,6.0,2.0,2.0,1.0,2.0,0.0,7.0,76.57,19.0,8.0,1.0
4.0,3.94,3.0,2.0,6.0,2.0,1.0,1.0,1.0,2.0,3.0,88.38,45.0,8.0,1.0
3.108696,2.611111,3.0,4.0,6.0,1.0,1.0,2.0,2.0,1.0,3.0,76.41,33.29,9.0,1.0
2.28,1.913043,1.0,2.0,6.0,2.0,2.0,1.0,2.0,1.0,1.0,72.0,24.0,7.0,1.0
2.217391,1.263158,1.0,2.0,6.0,2.0,1.0,1.0,2.0,2.0,2.0,69.0,16.0,7.0,1.0
0.0,2.472753294476189,3.0,4.0,6.0,2.0,2.0,2.0,1.0,1.0,1.0,78.3,41.05,8.0,0.0
2.434783,2.0,3.0,4.0,6.0,2.0,2.0,2.0,2.0,2.0,1.0,74.49,34.0,8.0,1.0
3.428571,3.875,1.0,2.0,6.0,2.0,2.0,1.0,1.0,2.0,3.0,80.99,19.0,7.0,1.0
3.68,3.583333,1.0,2.0,6.0,2.0,2.0,1.0,2.0,1.0,1.0,80.0,34.0,9.0,1.0
4.35,3.96,1.0,2.0,6.0,1.0,2.0,1.0,1.0,2.0,3.0,98.0,37.68,9.0,0.0
0.818182,0.1378652200000001,1.0,2.0,6.0,2.0,2.0,1.0,1.0,1.0,2.0,58.0,15.0,7.0,0.0
4.108696,4.1,3.0,4.0,6.0,2.0,2.0,2.0,2.0,2.0,1.0,90.08,46.0,10.0,1.0
2.4,2.590909,3.0,4.0,6.0,1.0,2.0,2.0,2.0,1.0,3.0,74.43,29.59,7.0,1.0
3.295455,2.761905,3.0,4.0,6.0,1.0,2.0,2.0,2.0,1.0,3.0,81.14,35.52,10.0,1.0
3.083333,2.019231,3.0,4.0,6.0,1.0,2.0,2.0,2.0,1.0,3.0,75.48,32.51,8.0,1.0
2.28,2.42,3.0,4.0,6.0,1.0,2.0,2.0,2.0,2.0,3.0,76.19,28.51,8.0,1.0
3.125,3.075,3.0,2.0,6.0,2.0,2.0,1.0,2.0,2.0,7.0,75.7,35.5,8.0,1.0
3.934783,3.880952,3.0,4.0,6.0,2.0,2.0,2.0,1.0,2.0,3.0,87.28,45.0,8.0,1.0
3.26,3.111111,1.0,2.0,6.0,2.0,2.0,1.0,2.0,1.0,1.0,85.0,26.0,9.0,1.0
3.3,3.547619,3.0,4.0,6.0,1.0,2.0,2.0,1.0,1.0,3.0,86.35,40.58,9.0,1.0
3.6,2.5,3.0,4.0,6.0,2.0,2.0,2.0,2.0,1.0,1.0,80.51,43.0,9.0,1.0
2.9375,2.711538,3.0,4.0,6.0,1.0,2.0,2.0,2.0,2.0,3.0,77.53,36.84,10.0,1.0
3.913043,3.452381,3.0,4.0,6.0,2.0,1.0,2.0,2.0,1.0,1.0,83.19,45.0,8.0,1.0
2.68,2.5,3.0,4.0,6.0,1.0,2.0,2.0,2.0,2.0,3.0,73.37,29.17,8.0,1.0
3.76087,3.74,3.0,4.0,6.0,1.0,2.0,2.0,1.0,2.0,3.0,87.07,46.74,10.0,1.0
3.826087,3.522727,1.0,2.0,6.0,2.0,1.0,1.0,1.0,1.0,5.0,91.0,33.0,4.0,1.0
2.413043,1.3,3.0,4.0,6.0,2.0,2.0,2.0,1.0,1.0,1.0,74.63,25.0,8.0,1.0
2.375,2.954545,3.0,4.0,6.0,1.0,2.0,2.0,1.0,1.0,5.0,78.37,31.63,7.0,1.0
3.326087,2.62,3.0,4.0,6.0,1.0,1.0,2.0,2.0,1.0,3.0,77.45,34.64,9.0,1.0
4.041667,4.333333,3.0,4.0,6.0,2.0,1.0,2.0,2.0,1.0,3.0,83.65,49.0,10.0,1.0
3.785714,3.921757447714289,3.0,4.0,6.0,2.0,2.0,2.0,2.0,1.0,1.0,90.66,49.0,10.0,0.0
1.96,1.764706,1.0,2.0,6.0,2.0,2.0,1.0,1.0,1.0,1.0,75.0,16.0,8.0,1.0
3.608696,3.613636,1.0,2.0,6.0,2.0,2.0,1.0,1.0,1.0,2.0,73.0,21.0,9.0,1.0
3.222222,3.423077,3.0,4.0,6.0,1.0,1.0,2.0,1.0,1.0,3.0,80.89,34.53,4.0,1.0
3.738095,2.454545,1.0,2.0,6.0,2.0,2.0,1.0,1.0,2.0,3.0,78.59,39.0,10.0,1.0
3.210526,1.431818,1.0,2.0,6.0,2.0,2.0,1.0,2.0,1.0,1.0,65.0,20.0,8.0,1.0
3.595238,2.236842,1.0,2.0,6.0,2.0,2.0,1.0,2.0,2.0,3.0,81.0,19.0,10.0,1.0
2.44,2.652174,1.0,2.0,6.0,2.0,2.0,1.0,2.0,1.0,1.0,84.0,30.0,7.0,1.0
2.375,2.818182,1.0,2.0,6.0,2.0,2.0,1.0,1.0,1.0,1.0,70.0,26.0,9.0,0.0
2.166667,2.590909,3.0,4.0,6.0,1.0,2.0,2.0,2.0,1.0,3.0,60.01,29.63,8.0,1.0
2.282609,0.0,1.0,1.0,6.0,2.0,1.0,1.0,2.0,1.0,3.0,74.0,32.0,8.0,1.0
3.333333,3.442308,3.0,4.0,6.0,1.0,2.0,2.0,2.0,2.0,3.0,79.01,40.63,10.0,1.0
2.913043,2.772727,3.0,4.0,6.0,1.0,2.0,2.0,2.0,2.0,3.0,79.1,32.92,8.0,1.0
0.363636,0.0,1.0,2.0,6.0,2.0,1.0,1.0,2.0,2.0,3.0,85.0,42.0,7.0,1.0
1.92,0.25,1.0,2.0,6.0,2.0,2.0,1.0,2.0,1.0,2.0,73.0,23.0,9.0,1.0
3.652174,3.82,3.0,4.0,6.0,1.0,2.0,2.0,1.0,2.0,3.0,88.97,45.5,9.0,1.0
1.636364,0.863636,1.0,2.0,6.0,2.0,1.0,1.0,2.0,1.0,2.0,79.0,42.0,7.0,1.0
4.02,3.478261,1.0,2.0,6.0,2.0,2.0,1.0,2.0,1.0,1.0,81.0,37.0,7.0,1.0
1.913043,1.233333,1.0,1.0,6.0,2.0,1.0,1.0,2.0,1.0,3.0,64.0,23.81,9.0,0.0
3.76087,4.027778,1.0,2.0,6.0,2.0,2.0,1.0,1.0,2.0,3.0,88.0,40.0,9.0,1.0
4.5,4.409091,3.0,2.0,6.0,2.0,1.0,1.0,1.0,2.0,5.0,100.0,50.0,10.0,1.0
2.925,2.222222,1.0,2.0,6.0,2.0,2.0,1.0,1.0,2.0,2.0,74.0,26.0,9.0,0.0
2.03125,2.8540253954761914,1.0,2.0,6.0,2.0,2.0,1.0,2.0,2.0,5.0,75.65,25.87,9.0,0.0
4.282609,3.722222,1.0,2.0,6.0,2.0,1.0,1.0,1.0,1.0,1.0,92.0,46.0,9.0,1.0
4.369565,3.880952,1.0,2.0,6.0,2.0,2.0,1.0,2.0,2.0,7.0,91.64,43.0,7.0,1.0
2.805556,2.519231,3.0,4.0,6.0,1.0,2.0,2.0,1.0,1.0,3.0,71.78,33.19,7.0,1.0
4.0625,4.16,3.0,4.0,6.0,2.0,2.0,2.0,2.0,1.0,3.0,87.3,48.0,8.0,1.0
3.233333,3.78125,3.0,4.0,6.0,2.0,2.0,2.0,2.0,2.0,3.0,81.57,49.0,8.0,1.0
4.434783,4.380952,1.0,2.0,6.0,2.0,1.0,1.0,1.0,1.0,1.0,99.0,29.0,9.0,1.0
2.94,3.25,1.0,2.0,6.0,2.0,2.0,1.0,2.0,1.0,3.0,82.28,21.0,9.0,1.0
2.54,2.75,3.0,4.0,6.0,1.0,1.0,2.0,2.0,2.0,4.0,74.52,38.76,10.0,1.0
1.730769,2.363636,3.0,4.0,6.0,2.0,1.0,2.0,1.0,1.0,2.0,73.0,47.0,10.0,1.0
3.684211,2.85,1.0,2.0,6.0,2.0,1.0,1.0,2.0,1.0,1.0,88.0,27.0,7.0,1.0
1.357143,0.0,1.0,2.0,6.0,2.0,2.0,1.0,2.0,1.0,1.0,62.0,23.0,7.0,1.0
3.42,2.636364,3.0,4.0,6.0,1.0,2.0,2.0,2.0,2.0,3.0,79.78,41.44,10.0,1.0
4.108696,4.14,1.0,2.0,6.0,1.0,1.0,1.0,1.0,2.0,6.0,95.11,40.41,9.0,1.0
2.847826,0.825,1.0,2.0,6.0,2.0,2.0,1.0,2.0,0.0,1.0,81.0,37.0,9.0,1.0
1.86,2.0,1.0,2.0,6.0,2.0,2.0,1.0,2.0,1.0,1.0,71.0,28.0,9.0,1.0
2.472222,1.26,3.0,4.0,6.0,1.0,2.0,2.0,1.0,2.0,3.0,77.13,19.0,8.0,0.0
4.28,4.068182,1.0,2.0,6.0,2.0,1.0,1.0,1.0,2.0,3.0,97.0,20.0,9.0,1.0
3.673913,3.714286,3.0,4.0,6.0,2.0,2.0,2.0,1.0,2.0,2.0,78.79,40.0,4.0,1.0
3.434783,3.134615,3.0,4.0,6.0,1.0,2.0,2.0,1.0,2.0,3.0,83.49,42.39,8.0,1.0
3.208333,2.565217,3.0,4.0,6.0,1.0,2.0,2.0,2.0,2.0,3.0,77.53,31.94,8.0,1.0
3.88,3.863636,1.0,2.0,6.0,2.0,1.0,1.0,2.0,1.0,2.0,69.0,34.0,9.0,1.0
1.5625,0.0,1.0,2.0,6.0,2.0,2.0,1.0,2.0,1.0,2.0,55.0,18.0,9.0,0.0
3.452381,2.142857,3.0,4.0,6.0,1.0,2.0,2.0,2.0,1.0,3.0,78.24,38.6,9.0,1.0
1.15,1.815789,3.0,2.0,6.0,2.0,1.0,1.0,2.0,2.0,4.0,64.83,25.0,8.0,1.0
3.85,4.022727,3.0,4.0,6.0,1.0,2.0,2.0,1.0,1.0,3.0,92.68,45.35,7.0,1.0
2.894737,2.740741,3.0,4.0,6.0,1.0,1.0,2.0,2.0,2.0,4.0,79.49,29.75,7.0,1.0
0.8263846100000003,0.61767778,1.0,2.0,6.0,2.0,2.0,1.0,2.0,1.0,3.0,65.0,17.0,9.0,0.0
1.125,1.0625,1.0,2.0,6.0,2.0,1.0,1.0,2.0,1.0,1.0,65.0,14.0,7.0,0.0
2.131579,2.981481,3.0,4.0,6.0,1.0,2.0,2.0,2.0,1.0,3.0,76.79,42.39,10.0,1.0
0.705882,0.25866954000000003,1.0,2.0,6.0,2.0,2.0,1.0,2.0,1.0,1.0,62.0,24.0,8.0,0.0
1.761905,0.0,1.0,2.0,6.0,2.0,2.0,1.0,2.0,1.0,2.0,74.0,23.11,4.0,1.0
3.02381,2.772727,3.0,4.0,6.0,2.0,2.0,2.0,2.0,1.0,1.0,79.43,39.0,4.0,1.0
3.368421,3.456522,1.0,2.0,6.0,2.0,1.0,1.0,2.0,1.0,1.0,87.0,32.58,8.0,1.0
3.36,3.56,1.0,2.0,6.0,2.0,1.0,1.0,2.0,1.0,3.0,92.0,44.0,8.0,1.0
2.625,2.8,3.0,4.0,6.0,2.0,2.0,2.0,2.0,2.0,3.0,76.2,37.12,8.0,1.0
0.0,0.9122868200000006,3.0,4.0,6.0,2.0,2.0,2.0,2.0,2.0,2.0,68.24,16.0,8.0,0.0
3.825,3.666667,3.0,4.0,6.0,1.0,2.0,2.0,2.0,2.0,3.0,84.76,45.46,10.0,1.0
0.0,0.2636503599999999,1.0,2.0,6.0,2.0,2.0,1.0,2.0,0.0,2.0,50.0,20.0,7.0,0.0
3.76,4.1,3.0,2.0,6.0,2.0,1.0,1.0,2.0,2.0,7.0,87.79,46.0,8.0,1.0
1.261905,0.964286,1.0,2.0,6.0,2.0,1.0,1.0,2.0,1.0,2.0,74.0,17.0,9.0,0.0
3.473684,2.909091,1.0,8.0,6.0,2.0,2.0,1.0,2.0,2.0,5.0,84.91,22.0,9.0,1.0
2.9,2.825,1.0,2.0,6.0,2.0,2.0,1.0,2.0,1.0,1.0,74.0,36.0,10.0,1.0
3.56,3.477273,3.0,2.0,6.0,2.0,1.0,1.0,2.0,1.0,1.0,84.0,19.0,10.0,1.0
2.6,2.433333,1.0,2.0,6.0,2.0,2.0,1.0,2.0,1.0,2.0,70.0,39.0,9.0,1.0
1.9141542600000023,0.66731148,1.0,2.0,6.0,2.0,2.0,1.0,2.0,2.0,3.0,72.0,20.0,9.0,0.0
3.0625,3.282609,3.0,4.0,6.0,2.0,2.0,2.0,2.0,2.0,1.0,77.85,48.0,10.0,1.0
4.295455,4.078947,1.0,2.0,6.0,2.0,1.0,1.0,2.0,2.0,5.0,90.95,45.0,10.0,1.0
3.4,3.096154,3.0,4.0,6.0,2.0,2.0,2.0,2.0,0.0,3.0,78.43,46.0,8.0,1.0
3.225,1.90625,1.0,2.0,6.0,2.0,1.0,1.0,2.0,2.0,2.0,75.0,32.0,9.0,0.0
2.76087,2.229167,1.0,2.0,6.0,2.0,2.0,1.0,2.0,1.0,2.0,71.0,34.0,9.0,1.0
3.5,3.42,3.0,4.0,6.0,1.0,2.0,2.0,2.0,1.0,4.0,83.76,40.24,10.0,1.0
2.333333,2.634615,3.0,4.0,6.0,1.0,2.0,2.0,1.0,1.0,3.0,78.16,28.26,7.0,1.0
4.136364,3.977273,1.0,2.0,6.0,2.0,2.0,1.0,2.0,1.0,1.0,89.0,40.0,7.0,1.0
4.047619,3.76,1.0,2.0,6.0,2.0,1.0,1.0,2.0,1.0,2.0,88.0,47.0,9.0,1.0
2.65,3.05,1.0,2.0,6.0,2.0,1.0,1.0,2.0,1.0,1.0,84.0,21.0,9.0,1.0
3.261905,2.956522,1.0,2.0,6.0,2.0,1.0,1.0,2.0,1.0,1.0,88.0,30.0,9.0,1.0
4.214286,4.071429,1.0,2.0,6.0,2.0,2.0,1.0,1.0,2.0,3.0,92.14,37.0,9.0,1.0
3.86,4.340909,1.0,2.0,6.0,2.0,2.0,1.0,1.0,2.0,2.0,87.0,47.0,10.0,0.0
3.1,3.022727,3.0,4.0,6.0,1.0,2.0,2.0,2.0,2.0,3.0,79.33,40.96,8.0,1.0
2.5625,2.068182,3.0,4.0,6.0,2.0,2.0,2.0,2.0,1.0,3.0,76.01,43.0,8.0,1.0
4.105263,4.159091,1.0,8.0,6.0,2.0,2.0,1.0,2.0,0.0,8.0,90.54,32.0,9.0,1.0
4.369565,4.5,3.0,1.0,6.0,2.0,1.0,1.0,2.0,2.0,4.0,85.0,46.0,10.0,1.0
2.956522,2.704545,3.0,4.0,6.0,1.0,1.0,2.0,2.0,1.0,3.0,79.5,32.63,7.0,1.0
4.181818,3.714286,3.0,2.0,6.0,2.0,2.0,1.0,2.0,2.0,3.0,87.18,35.0,10.0,1.0
4.357143,4.5,1.0,2.0,6.0,2.0,1.0,1.0,1.0,2.0,5.0,90.53,50.0,9.0,1.0
0.727273,0.692308,1.0,2.0,6.0,2.0,1.0,1.0,2.0,1.0,2.0,71.0,27.0,9.0,1.0
3.8125,3.547619,3.0,4.0,6.0,2.0,1.0,2.0,2.0,2.0,1.0,83.58,46.0,10.0,1.0
3.73913,2.7,3.0,4.0,6.0,1.0,2.0,2.0,2.0,1.0,3.0,77.3,43.39,9.0,1.0
3.14,3.7,1.0,2.0,6.0,2.0,2.0,1.0,2.0,1.0,1.0,77.0,33.0,9.0,1.0
3.826087,3.7,3.0,4.0,6.0,1.0,2.0,2.0,1.0,1.0,3.0,85.7775,44.38,8.0,1.0
3.690476,2.625,3.0,4.0,6.0,2.0,2.0,2.0,2.0,1.0,3.0,78.27,44.0,8.0,1.0
3.909091,3.318182,3.0,4.0,6.0,2.0,2.0,2.0,2.0,2.0,3.0,83.91,24.0,8.0,1.0
3.309524,3.631579,1.0,2.0,6.0,2.0,1.0,1.0,2.0,1.0,1.0,78.0,20.0,9.0,1.0
1.833333,2.045146533333334,3.0,4.0,6.0,2.0,2.0,2.0,2.0,1.0,1.0,78.51,44.0,8.0,0.0
3.34,3.42,1.0,2.0,6.0,2.0,2.0,1.0,2.0,1.0,1.0,72.0,16.0,3.0,1.0
3.1,3.5,1.0,2.0,6.0,2.0,2.0,1.0,1.0,1.0,2.0,84.0,32.67,9.0,1.0
4.184211,3.975,1.0,2.0,6.0,2.0,2.0,1.0,2.0,1.0,3.0,82.0,30.0,9.0,1.0
4.25,3.865385,3.0,4.0,6.0,1.0,2.0,2.0,1.0,1.0,3.0,94.59,46.31,8.0,1.0
2.75,2.875,1.0,2.0,6.0,2.0,1.0,1.0,1.0,1.0,2.0,87.0,40.0,9.0,1.0
0.761905,1.0654221000000001,1.0,2.0,6.0,2.0,1.0,1.0,2.0,1.0,1.0,73.0,25.0,7.0,0.0
2.5,2.545455,3.0,4.0,6.0,2.0,2.0,2.0,2.0,1.0,2.0,75.51,25.0,8.0,0.0
3.3,3.5,3.0,4.0,6.0,1.0,2.0,2.0,2.0,1.0,3.0,81.07,34.9,7.0,1.0
0.545455,2.4732939699999994,1.0,2.0,6.0,2.0,2.0,1.0,2.0,2.0,3.0,76.0,27.15,9.0,0.0
4.104167,4.0625,1.0,2.0,6.0,2.0,2.0,1.0,2.0,1.0,3.0,92.0,47.0,4.0,1.0
4.5,4.461538,1.0,2.0,6.0,1.0,1.0,1.0,1.0,2.0,4.0,95.97,40.38,9.0,1.0
1.928571,1.617647,1.0,2.0,6.0,2.0,2.0,1.0,2.0,1.0,1.0,51.0,19.0,9.0,1.0
1.428571,0.32210388999999984,3.0,2.0,6.0,2.0,1.0,1.0,2.0,1.0,1.0,62.0,25.0,4.0,0.0
0.0,0.9668488599999999,1.0,2.0,6.0,2.0,1.0,1.0,1.0,1.0,1.0,65.0,11.0,7.0,0.0
2.880952,2.166667,3.0,8.0,6.0,2.0,2.0,1.0,2.0,1.0,4.0,74.0,18.0,9.0,1.0
3.62,4.0,1.0,1.0,6.0,2.0,1.0,1.0,2.0,2.0,3.0,85.0,29.0,9.0,0.0
3.76,4.083333,1.0,1.0,6.0,2.0,1.0,1.0,2.0,2.0,4.0,88.34,36.14,3.0,1.0
3.56,3.153846,3.0,4.0,6.0,1.0,2.0,2.0,2.0,2.0,3.0,80.42,42.25,8.0,1.0
3.3,3.108696,1.0,2.0,6.0,2.0,2.0,1.0,2.0,1.0,2.0,68.0,20.0,7.0,1.0
2.107143,3.0,3.0,4.0,6.0,1.0,2.0,2.0,2.0,1.0,3.0,75.95,42.73,8.0,1.0
2.958333,3.160714,3.0,4.0,6.0,1.0,2.0,2.0,1.0,2.0,3.0,84.93,37.34,8.0,1.0
3.785714,3.652174,1.0,2.0,6.0,2.0,1.0,1.0,1.0,1.0,1.0,90.0,29.0,9.0,1.0
1.0635492699999995,0.29177575,1.0,2.0,6.0,2.0,2.0,1.0,2.0,0.0,3.0,61.0,19.0,9.0,0.0
2.934783,2.730769,3.0,4.0,6.0,1.0,2.0,2.0,2.0,2.0,3.0,79.2,33.28,8.0,1.0
3.16,2.98,1.0,2.0,6.0,2.0,1.0,1.0,2.0,0.0,4.0,93.0,31.0,7.0,1.0
4.04,3.925,3.0,2.0,6.0,2.0,2.0,1.0,2.0,1.0,1.0,87.0,38.0,9.0,1.0
0.0,1.1285611608333328,1.0,2.0,6.0,2.0,1.0,1.0,2.0,0.0,2.0,83.0,43.0,9.0,0.0
2.0,0.0,3.0,2.0,6.0,2.0,2.0,1.0,1.0,1.0,1.0,57.0,29.0,4.0,0.0
2.275,2.636364,3.0,4.0,6.0,1.0,2.0,2.0,2.0,1.0,4.0,76.14,26.53,7.0,1.0
3.043478,2.413043,1.0,2.0,6.0,2.0,2.0,1.0,2.0,1.0,1.0,81.0,42.0,7.0,1.0
2.978261,3.04,3.0,4.0,6.0,1.0,2.0,2.0,2.0,2.0,3.0,76.01,38.42,10.0,1.0
3.521739,2.782609,1.0,2.0,6.0,1.0,2.0,1.0,2.0,2.0,7.0,85.05,35.65,10.0,1.0
4.431818,4.409091,1.0,2.0,6.0,2.0,1.0,1.0,2.0,2.0,4.0,98.0,45.0,9.0,1.0
3.522727,3.022727,1.0,2.0,6.0,2.0,2.0,1.0,2.0,2.0,4.0,82.17,25.0,9.0,1.0
0.0,0.6488370699999999,1.0,2.0,6.0,2.0,2.0,1.0,2.0,1.0,1.0,77.0,22.0,7.0,0.0
3.347826,1.710526,1.0,2.0,6.0,2.0,2.0,1.0,2.0,1.0,2.0,69.0,27.0,9.0,1.0
3.145833,2.777778,1.0,2.0,6.0,2.0,2.0,1.0,2.0,2.0,2.0,94.0,27.0,9.0,1.0
3.675,3.761905,3.0,4.0,6.0,1.0,2.0,2.0,1.0,2.0,3.0,91.98,44.68,8.0,1.0
0.652174,3.66057641828107,3.0,4.0,6.0,1.0,2.0,2.0,2.0,1.0,3.0,78.38,37.51,9.0,0.0
3.125,1.269231,3.0,2.0,6.0,2.0,1.0,1.0,2.0,2.0,2.0,63.0,43.0,4.0,1.0
3.825,3.568182,3.0,4.0,6.0,1.0,2.0,2.0,1.0,1.0,3.0,89.81,43.91,8.0,1.0
1.642857,1.2742453899999993,1.0,2.0,6.0,2.0,1.0,1.0,2.0,1.0,1.0,87.0,24.0,7.0,0.0
4.38,4.5,1.0,1.0,6.0,2.0,1.0,1.0,2.0,2.0,3.0,85.0,45.0,9.0,1.0
3.333333,3.652174,3.0,4.0,6.0,2.0,2.0,2.0,2.0,2.0,1.0,76.04,47.0,9.0,1.0
3.270833,3.45,3.0,2.0,6.0,2.0,2.0,1.0,2.0,2.0,5.0,80.46,16.0,10.0,1.0
2.82,2.02,3.0,4.0,6.0,1.0,2.0,2.0,2.0,1.0,3.0,68.0,31.14,4.0,1.0
2.095238,2.045455,1.0,2.0,6.0,2.0,2.0,1.0,2.0,2.0,2.0,71.56,22.0,3.0,1.0
3.73913,3.211538,3.0,4.0,6.0,1.0,2.0,2.0,2.0,1.0,3.0,83.84,42.84,8.0,1.0
2.861111,1.478261,3.0,2.0,6.0,2.0,1.0,1.0,2.0,2.0,2.0,68.0,30.0,10.0,1.0
3.236842,1.233333,1.0,2.0,6.0,2.0,2.0,1.0,2.0,1.0,1.0,74.0,32.0,9.0,1.0
4.0,4.0,1.0,2.0,6.0,2.0,1.0,1.0,1.0,2.0,2.0,86.0,36.0,9.0,1.0
3.809524,3.652174,1.0,2.0,6.0,2.0,1.0,1.0,2.0,1.0,1.0,88.0,27.0,9.0,1.0
2.608696,2.846154,3.0,4.0,6.0,1.0,2.0,2.0,2.0,2.0,3.0,75.51,39.63,10.0,1.0
4.159091,4.421053,3.0,2.0,6.0,2.0,1.0,1.0,2.0,1.0,1.0,92.0,23.0,9.0,1.0
2.611111,2.470588,3.0,4.0,6.0,1.0,2.0,2.0,2.0,1.0,3.0,73.42,30.62,9.0,1.0
2.75,3.125,3.0,4.0,6.0,1.0,2.0,2.0,2.0,2.0,3.0,79.29,40.48,10.0,1.0
2.35,2.403846,3.0,4.0,6.0,1.0,2.0,2.0,1.0,2.0,4.0,79.24,26.5,8.0,1.0
1.857143,0.0,1.0,2.0,6.0,2.0,2.0,1.0,2.0,1.0,2.0,76.0,27.0,7.0,1.0
2.791667,2.357143,3.0,4.0,6.0,2.0,2.0,2.0,2.0,1.0,2.0,61.44,48.0,8.0,1.0
3.152174,3.0,3.0,4.0,6.0,1.0,2.0,2.0,1.0,2.0,3.0,83.28,41.05,10.0,1.0
2.5625,3.0625,3.0,4.0,6.0,1.0,2.0,2.0,2.0,2.0,3.0,76.95,41.77,8.0,1.0
3.0,2.961538,3.0,4.0,6.0,1.0,2.0,2.0,2.0,2.0,3.0,80.58,37.77,8.0,0.0
3.6875,4.047619,3.0,2.0,6.0,2.0,1.0,1.0,2.0,1.0,2.0,88.35,49.0,10.0,1.0
3.458333,3.727273,1.0,2.0,6.0,2.0,1.0,1.0,2.0,2.0,4.0,85.9275,40.0,10.0,1.0
0.0,2.045146533333334,3.0,4.0,6.0,2.0,2.0,2.0,2.0,1.0,1.0,74.99,44.0,8.0,0.0
2.46875,0.933333,1.0,2.0,6.0,2.0,2.0,1.0,1.0,1.0,1.0,69.0,18.0,1.0,1.0
4.125,3.903846,3.0,4.0,6.0,1.0,1.0,2.0,2.0,1.0,3.0,96.56,46.37,10.0,1.0
1.363636,0.695652,1.0,2.0,6.0,2.0,2.0,1.0,2.0,1.0,2.0,78.0,36.0,9.0,0.0
2.852941,3.113636,3.0,4.0,6.0,1.0,2.0,2.0,1.0,2.0,3.0,80.81,37.45,10.0,1.0
3.03125,2.125,3.0,4.0,6.0,2.0,2.0,2.0,2.0,1.0,3.0,78.92,39.0,8.0,1.0
1.789474,1.5,1.0,2.0,6.0,2.0,1.0,1.0,2.0,1.0,1.0,76.0,14.0,9.0,0.0
2.104167,3.090909,1.0,2.0,6.0,2.0,2.0,1.0,2.0,1.0,1.0,75.0,22.0,7.0,1.0
3.761905,3.217391,1.0,2.0,6.0,2.0,1.0,1.0,2.0,2.0,3.0,89.0,30.0,10.0,1.0
3.891304,4.142857,3.0,4.0,6.0,2.0,2.0,2.0,1.0,2.0,1.0,87.99,42.0,8.0,1.0
3.975,3.894737,1.0,2.0,6.0,2.0,1.0,1.0,2.0,1.0,1.0,95.0,25.0,9.0,1.0
3.333333,2.660714,3.0,4.0,6.0,1.0,2.0,2.0,2.0,2.0,3.0,79.5,33.46,4.0,1.0
3.625,2.892857,3.0,4.0,6.0,1.0,2.0,2.0,2.0,2.0,3.0,81.27,42.68,8.0,1.0
4.043478,3.9,3.0,4.0,6.0,1.0,2.0,2.0,1.0,1.0,3.0,94.39,45.63,10.0,1.0
0.8888470599999999,0.46521155000000014,1.0,2.0,6.0,2.0,2.0,1.0,2.0,1.0,2.0,59.0,19.0,3.0,0.0
3.605263,2.818182,1.0,2.0,6.0,2.0,2.0,1.0,2.0,1.0,2.0,59.0,36.62,9.0,1.0
2.75,2.382353,3.0,4.0,6.0,2.0,2.0,2.0,2.0,1.0,2.0,67.36,48.0,9.0,1.0
2.28,3.375,1.0,2.0,6.0,2.0,1.0,1.0,2.0,1.0,2.0,77.0,26.0,9.0,1.0
4.347826,3.452381,1.0,2.0,6.0,1.0,1.0,1.0,2.0,2.0,3.0,88.51,40.18,9.0,1.0
3.020833,3.846154,3.0,4.0,6.0,1.0,2.0,2.0,2.0,2.0,3.0,81.81,40.91,10.0,1.0
2.125,0.0,1.0,2.0,6.0,2.0,1.0,1.0,2.0,0.0,2.0,80.0,36.0,9.0,0.0
3.934783,3.68,3.0,4.0,6.0,1.0,2.0,2.0,1.0,2.0,3.0,87.34,43.64,8.0,1.0
4.369565,4.357143,3.0,2.0,6.0,2.0,1.0,1.0,2.0,2.0,6.0,86.54,49.0,4.0,1.0
4.05,3.204545,1.0,2.0,6.0,1.0,1.0,1.0,1.0,2.0,3.0,86.68,38.98,9.0,0.0
0.625,0.0,1.0,2.0,6.0,2.0,2.0,1.0,2.0,2.0,3.0,81.21,26.0,9.0,1.0
2.392857,3.222222,1.0,2.0,6.0,2.0,1.0,1.0,2.0,1.0,1.0,79.0,42.0,7.0,0.0
3.794118,3.818182,3.0,4.0,6.0,1.0,2.0,2.0,1.0,2.0,4.0,92.26,46.96,10.0,1.0
3.083333,3.25,3.0,4.0,6.0,1.0,2.0,2.0,2.0,1.0,3.0,79.47,40.46,8.0,1.0
2.5,1.833333,1.0,2.0,6.0,2.0,2.0,1.0,2.0,1.0,2.0,78.0,29.0,7.0,1.0
3.347826,3.136364,1.0,2.0,6.0,2.0,2.0,1.0,1.0,2.0,2.0,94.0,44.0,7.0,1.0
3.673913,3.2,3.0,2.0,6.0,2.0,1.0,1.0,2.0,1.0,1.0,76.0,30.0,7.0,1.0
2.613636,2.03125,1.0,2.0,6.0,2.0,1.0,1.0,2.0,2.0,1.0,80.0,29.0,7.0,0.0
0.225,0.0,1.0,2.0,6.0,2.0,2.0,1.0,2.0,1.0,2.0,60.0,27.0,9.0,0.0
0.0,1.33084362,1.0,2.0,6.0,2.0,1.0,1.0,1.0,1.0,3.0,66.0,20.0,9.0,0.0
2.826087,1.807692,3.0,4.0,6.0,1.0,1.0,2.0,2.0,1.0,3.0,72.88,31.51,9.0,1.0
3.380952,2.333333,1.0,2.0,6.0,2.0,1.0,1.0,1.0,1.0,1.0,92.0,40.0,9.0,0.0
3.428571,1.433333,1.0,2.0,6.0,2.0,1.0,1.0,1.0,1.0,3.0,89.0,49.0,7.0,1.0
0.204545,0.7384327499999999,1.0,2.0,6.0,2.0,2.0,1.0,2.0,2.0,2.0,65.0,22.0,9.0,0.0
3.166667,2.5,3.0,2.0,6.0,2.0,2.0,1.0,1.0,1.0,3.0,80.0,26.0,10.0,1.0
3.2,2.595238,1.0,2.0,6.0,2.0,2.0,1.0,2.0,1.0,1.0,78.0,24.0,7.0,1.0
2.675,3.333333,3.0,4.0,6.0,1.0,2.0,2.0,1.0,1.0,3.0,77.76,36.53,9.0,1.0
4.2,3.65625,1.0,2.0,6.0,1.0,1.0,1.0,1.0,2.0,3.0,93.29,36.94,9.0,0.0
2.5625,2.681818,3.0,8.0,6.0,2.0,2.0,1.0,1.0,0.0,4.0,78.13,47.0,8.0,1.0
3.571429,2.788462,1.0,2.0,6.0,2.0,2.0,1.0,2.0,2.0,2.0,87.0,39.0,9.0,1.0
1.5,1.6,1.0,2.0,6.0,2.0,1.0,1.0,2.0,1.0,2.0,78.0,31.0,9.0,1.0
3.326087,3.519231,3.0,4.0,6.0,1.0,2.0,2.0,2.0,1.0,3.0,80.4,39.91,8.0,1.0
4.204545,3.98,3.0,4.0,6.0,2.0,2.0,2.0,1.0,2.0,2.0,91.88,48.0,8.0,1.0
2.159091,2.865385,3.0,4.0,6.0,1.0,2.0,2.0,2.0,2.0,3.0,70.51,40.52,10.0,1.0
3.607143,3.423077,1.0,2.0,6.0,2.0,2.0,1.0,1.0,1.0,3.0,89.0,34.23,3.0,1.0
0.0,2.472753294476189,3.0,4.0,6.0,1.0,2.0,2.0,2.0,1.0,3.0,79.08,37.69,8.0,0.0
1.5,2.444444,1.0,2.0,6.0,2.0,2.0,1.0,2.0,1.0,1.0,85.0,18.0,7.0,1.0
3.6,3.1,1.0,2.0,6.0,2.0,2.0,1.0,2.0,1.0,1.0,77.0,31.0,9.0,1.0
2.725,2.195652,1.0,2.0,6.0,2.0,2.0,1.0,2.0,1.0,1.0,82.0,43.0,9.0,1.0
0.0,0.36928123,1.0,2.0,6.0,2.0,2.0,1.0,2.0,1.0,2.0,52.0,18.0,3.0,0.0
0.409091,1.7,3.0,4.0,6.0,2.0,2.0,2.0,2.0,0.0,1.0,75.07,32.0,4.0,1.0
3.652174,3.807692,3.0,4.0,6.0,1.0,2.0,2.0,1.0,2.0,3.0,89.03,45.02,8.0,1.0
3.4375,2.978261,1.0,2.0,6.0,2.0,1.0,1.0,2.0,1.0,2.0,69.0,17.0,4.0,1.0
4.065217,3.717391,3.0,4.0,6.0,2.0,2.0,2.0,2.0,1.0,1.0,80.655,49.0,9.0,1.0
2.475,1.416667,1.0,2.0,6.0,2.0,1.0,1.0,2.0,1.0,1.0,71.0,31.0,9.0,1.0
3.022727,2.5,1.0,2.0,6.0,2.0,2.0,1.0,2.0,1.0,1.0,77.0,22.0,9.0,1.0
0.0,0.07983985,1.0,2.0,6.0,2.0,2.0,1.0,2.0,1.0,3.0,53.0,16.0,9.0,0.0
4.272727,4.25,3.0,8.0,6.0,2.0,2.0,1.0,2.0,2.0,7.0,86.5,48.0,8.0,1.0
3.86,3.961538,1.0,2.0,6.0,2.0,1.0,1.0,2.0,1.0,1.0,95.0,42.0,9.0,1.0
3.7,3.380952,3.0,4.0,6.0,1.0,2.0,2.0,2.0,1.0,4.0,85.1,43.43,9.0,1.0
3.875,3.416667,3.0,4.0,6.0,2.0,2.0,2.0,2.0,1.0,1.0,82.43,48.0,8.0,1.0
4.090909,3.861111,1.0,2.0,6.0,2.0,2.0,1.0,2.0,1.0,5.0,81.0,28.0,9.0,1.0
4.195652,4.119048,3.0,2.0,6.0,2.0,1.0,1.0,1.0,2.0,7.0,91.53,47.0,10.0,1.0
3.56,3.190476,1.0,2.0,6.0,2.0,2.0,1.0,2.0,1.0,3.0,71.0,29.0,9.0,1.0
2.613636,2.87931,3.0,4.0,6.0,1.0,1.0,2.0,2.0,1.0,3.0,78.35,39.14,8.0,1.0
0.76087,0.0,1.0,2.0,6.0,2.0,1.0,1.0,2.0,1.0,1.0,79.0,34.0,9.0,0.0
2.642857,2.725,1.0,2.0,6.0,2.0,2.0,1.0,2.0,1.0,1.0,81.0,23.0,9.0,1.0
3.090909,2.772727,1.0,2.0,6.0,2.0,1.0,1.0,1.0,1.0,2.0,83.0,32.0,9.0,1.0
2.92,2.928571,1.0,2.0,6.0,2.0,1.0,1.0,2.0,1.0,1.0,79.0,26.0,9.0,1.0
3.456522,2.557692,3.0,4.0,6.0,1.0,2.0,2.0,2.0,1.0,3.0,81.5,35.63,7.0,1.0
2.380952,2.130435,1.0,2.0,6.0,2.0,2.0,1.0,2.0,1.0,1.0,78.0,31.0,9.0,1.0
3.421053,2.2951767556666676,3.0,2.0,6.0,2.0,2.0,1.0,2.0,2.0,7.0,82.31,45.0,8.0,0.0
3.75,3.694444,1.0,2.0,6.0,2.0,1.0,1.0,2.0,1.0,1.0,84.0,42.0,9.0,1.0
1.0,1.25,1.0,2.0,6.0,2.0,2.0,1.0,2.0,1.0,1.0,81.0,27.0,9.0,0.0
3.804348,3.519231,3.0,4.0,6.0,1.0,2.0,2.0,1.0,2.0,3.0,91.91,45.9,10.0,1.0
3.880952,3.568182,1.0,2.0,6.0,2.0,1.0,1.0,2.0,1.0,1.0,89.0,38.0,9.0,1.0
1.305556,1.5650672700000008,3.0,2.0,6.0,2.0,1.0,1.0,2.0,1.0,1.0,75.0,44.0,7.0,0.0
0.0,0.0,3.0,4.0,6.0,2.0,1.0,2.0,2.0,1.0,3.0,69.33897205572204,27.05,8.0,0.0
2.86,2.375,3.0,4.0,6.0,2.0,1.0,2.0,2.0,0.0,1.0,63.3,19.0,8.0,1.0
1.809524,1.619048,1.0,2.0,6.0,2.0,2.0,1.0,2.0,1.0,1.0,78.0,23.0,7.0,0.0
3.934783,3.72,3.0,4.0,6.0,1.0,2.0,2.0,2.0,2.0,4.0,83.06,45.13,10.0,1.0
3.194444,3.519231,3.0,4.0,6.0,1.0,2.0,2.0,2.0,1.0,3.0,85.55,37.23,7.0,1.0
3.568182,2.931818,3.0,4.0,6.0,2.0,1.0,2.0,2.0,1.0,1.0,86.21,41.0,8.0,1.0
2.73913,2.307692,3.0,4.0,6.0,1.0,2.0,2.0,2.0,2.0,3.0,74.08,38.62,8.0,1.0
1.782609,1.891304,3.0,4.0,6.0,2.0,2.0,2.0,2.0,2.0,1.0,70.68,43.0,8.0,1.0
2.657895,0.3,1.0,2.0,6.0,2.0,1.0,1.0,2.0,2.0,3.0,88.0,25.0,7.0,0.0
0.315789,0.18202597999999998,1.0,2.0,6.0,2.0,2.0,1.0,2.0,1.0,3.0,55.0,22.0,9.0,0.0
2.2,2.59375,1.0,2.0,6.0,2.0,2.0,1.0,1.0,2.0,4.0,64.87,27.0,9.0,1.0
2.5,3.045455,3.0,4.0,6.0,1.0,2.0,2.0,2.0,1.0,3.0,74.68,40.42,8.0,1.0
0.0,2.636364,3.0,4.0,6.0,2.0,1.0,2.0,1.0,2.0,4.0,78.54,48.0,9.0,0.0
3.94,2.695652,3.0,2.0,6.0,2.0,2.0,1.0,2.0,1.0,2.0,78.0,48.0,4.0,1.0
0.0,0.0,1.0,2.0,6.0,2.0,2.0,1.0,2.0,0.0,2.0,40.39666666666667,21.0,9.0,1.0
3.891304,4.019231,1.0,4.0,6.0,1.0,1.0,2.0,1.0,2.0,4.0,92.8,45.47,9.0,1.0
4.0,3.904762,1.0,2.0,6.0,2.0,2.0,1.0,1.0,1.0,1.0,94.0,37.12,9.0,1.0
2.947368,2.586957,3.0,4.0,6.0,1.0,2.0,2.0,2.0,1.0,3.0,71.83,33.04,3.0,1.0
2.642857,0.0,1.0,2.0,6.0,2.0,1.0,1.0,2.0,1.0,2.0,69.0,43.0,8.0,1.0
0.0,1.1976086599999995,1.0,2.0,6.0,2.0,2.0,1.0,2.0,1.0,1.0,67.0,31.0,9.0,0.0
3.368421,3.12,1.0,2.0,6.0,2.0,2.0,1.0,2.0,1.0,1.0,79.0,30.31,9.0,1.0
3.266667,2.44,3.0,4.0,6.0,1.0,2.0,2.0,2.0,2.0,3.0,81.2,29.95,8.0,1.0
3.236842,2.763158,3.0,4.0,6.0,2.0,2.0,2.0,2.0,1.0,2.0,79.09,22.0,8.0,1.0
1.928571,2.043478,1.0,2.0,6.0,2.0,2.0,1.0,2.0,1.0,2.0,68.0,11.0,3.0,1.0
2.0,1.210526,1.0,2.0,6.0,2.0,1.0,1.0,1.0,1.0,2.0,74.0,24.0,9.0,1.0
2.470588,2.18,3.0,4.0,6.0,2.0,2.0,2.0,2.0,1.0,3.0,75.32,22.0,8.0,1.0
0.0,0.0,1.0,2.0,6.0,2.0,2.0,1.0,2.0,1.0,1.0,73.0,32.0,9.0,0.0
3.630435,3.833333,1.0,8.0,6.0,2.0,2.0,1.0,1.0,0.0,6.0,86.1475,46.0,8.0,1.0
2.727273,2.295455,3.0,4.0,6.0,2.0,2.0,2.0,2.0,1.0,3.0,71.87,31.0,7.0,1.0
3.119048,3.041667,1.0,2.0,6.0,2.0,1.0,1.0,2.0,1.0,2.0,74.0,36.0,8.0,1.0
1.03125,0.666667,1.0,2.0,6.0,2.0,2.0,1.0,1.0,1.0,1.0,74.0,18.0,3.0,0.0
0.0,2.125,1.0,2.0,6.0,2.0,1.0,1.0,2.0,2.0,3.0,71.0,19.0,9.0,1.0
3.675,3.5,3.0,4.0,6.0,1.0,2.0,2.0,2.0,2.0,2.0,87.26,44.64,8.0,1.0
2.6,2.605263,3.0,4.0,6.0,1.0,2.0,2.0,2.0,1.0,3.0,74.06,36.11,10.0,1.0
2.826087,1.725,1.0,2.0,6.0,2.0,2.0,1.0,1.0,1.0,3.0,71.0,17.0,9.0,1.0
1.192308,1.214286,3.0,2.0,6.0,2.0,2.0,1.0,2.0,1.0,2.0,52.0,29.0,4.0,1.0
2.894737,2.46,3.0,4.0,6.0,1.0,2.0,2.0,2.0,1.0,3.0,71.33,34.97,10.0,1.0
3.391304,3.1,3.0,4.0,6.0,1.0,2.0,2.0,2.0,2.0,3.0,76.86,40.39,4.0,1.0
3.395833,3.478261,3.0,4.0,6.0,1.0,1.0,2.0,2.0,1.0,4.0,82.81,41.48,9.0,1.0
3.04,2.590909,3.0,4.0,6.0,1.0,1.0,2.0,2.0,2.0,3.0,73.9,36.99,10.0,0.0
3.675,3.931818,3.0,4.0,6.0,1.0,2.0,2.0,1.0,1.0,3.0,91.02,44.2,7.0,1.0
2.04,1.875,3.0,4.0,6.0,2.0,2.0,2.0,1.0,2.0,3.0,71.66,24.0,4.0,1.0
3.595238,3.340909,1.0,2.0,6.0,2.0,1.0,1.0,2.0,1.0,2.0,79.0,34.0,9.0,1.0
3.961538,4.108696,3.0,4.0,6.0,1.0,2.0,2.0,2.0,2.0,3.0,94.83,45.44,10.0,1.0
3.23913,3.527778,1.0,2.0,6.0,2.0,2.0,1.0,1.0,1.0,1.0,96.0,27.0,9.0,0.0
4.076923,3.108696,1.0,2.0,6.0,2.0,2.0,1.0,2.0,1.0,2.0,92.0,45.0,9.0,1.0
4.403846,4.434783,1.0,2.0,6.0,1.0,2.0,1.0,2.0,2.0,3.0,92.34,34.39,9.0,1.0
0.0,0.9904040800000005,1.0,2.0,6.0,2.0,2.0,1.0,2.0,1.0,2.0,67.0,26.0,9.0,0.0
0.0,2.472753294476189,3.0,4.0,6.0,1.0,2.0,2.0,2.0,1.0,3.0,79.08,37.69,8.0,0.0
4.166667,4.111111,1.0,2.0,6.0,2.0,2.0,1.0,1.0,2.0,3.0,94.0,35.94,9.0,1.0
4.28,4.340909,1.0,2.0,6.0,2.0,1.0,1.0,2.0,1.0,3.0,72.0,42.0,9.0,1.0
1.676471,1.733333,1.0,2.0,6.0,2.0,1.0,1.0,2.0,1.0,1.0,81.0,31.0,9.0,1.0
1.9,2.071429,1.0,2.0,6.0,2.0,2.0,1.0,2.0,1.0,1.0,68.75,22.0,8.0,1.0
0.25,0.7494729099999999,1.0,2.0,6.0,2.0,2.0,1.0,2.0,1.0,1.0,67.0,22.0,7.0,0.0
3.979167,3.589286,3.0,4.0,6.0,1.0,2.0,2.0,1.0,2.0,3.0,87.03,42.43,4.0,1.0
2.26,1.8,1.0,2.0,6.0,2.0,1.0,1.0,2.0,1.0,1.0,80.0,22.0,3.0,1.0
3.3,3.275,1.0,2.0,6.0,2.0,2.0,1.0,2.0,1.0,3.0,77.0,16.0,9.0,1.0
2.978261,2.134615,1.0,1.0,6.0,2.0,1.0,1.0,2.0,1.0,1.0,88.0,27.0,9.0,1.0
3.475,3.454545,3.0,4.0,6.0,1.0,2.0,2.0,1.0,2.0,4.0,84.16,38.75,8.0,1.0
1.676471,2.678571,3.0,4.0,6.0,2.0,2.0,2.0,2.0,2.0,1.0,75.67,12.0,4.0,0.0
4.354167,4.340909,1.0,2.0,6.0,2.0,2.0,1.0,1.0,1.0,3.0,96.0,41.0,9.0,1.0
3.131579,2.0,1.0,2.0,6.0,2.0,1.0,1.0,2.0,2.0,4.0,68.0,13.0,9.0,1.0
3.431818,1.795455,1.0,2.0,6.0,2.0,1.0,1.0,2.0,1.0,2.0,78.0,21.0,7.0,1.0
3.043478,3.08,3.0,4.0,6.0,1.0,2.0,2.0,2.0,2.0,3.0,72.51,40.62,8.0,1.0
2.32,2.45,1.0,2.0,6.0,2.0,2.0,1.0,2.0,1.0,2.0,81.0,30.0,7.0,1.0
0.48,1.6516244200000023,1.0,2.0,6.0,2.0,2.0,1.0,2.0,1.0,1.0,70.0,24.0,9.0,0.0
3.333333,3.46,3.0,4.0,6.0,1.0,2.0,2.0,1.0,1.0,3.0,83.12,39.22,9.0,1.0
3.309524,2.868421,1.0,2.0,6.0,2.0,1.0,1.0,2.0,2.0,3.0,81.44,30.0,10.0,1.0
3.979167,4.227273,3.0,8.0,6.0,2.0,2.0,1.0,2.0,1.0,6.0,84.0,48.0,8.0,1.0
2.204545,2.347826,1.0,2.0,6.0,2.0,2.0,1.0,2.0,2.0,2.0,60.85,18.0,7.0,1.0
2.880952,2.47619,1.0,1.0,6.0,2.0,1.0,1.0,2.0,1.0,2.0,68.0,21.0,7.0,1.0
2.454545,1.84375,1.0,2.0,6.0,2.0,2.0,1.0,2.0,1.0,2.0,72.0,31.0,7.0,1.0
4.434783,4.5,1.0,2.0,6.0,2.0,1.0,1.0,2.0,1.0,1.0,93.0,44.0,9.0,1.0
3.659091,3.526316,1.0,2.0,6.0,1.0,2.0,1.0,1.0,2.0,6.0,88.07,34.95,8.0,1.0
4.217391,4.270833,3.0,4.0,6.0,1.0,1.0,2.0,1.0,2.0,3.0,96.75,47.8,10.0,1.0
4.369565,4.357143,3.0,4.0,6.0,2.0,2.0,2.0,1.0,1.0,2.0,92.94,49.0,7.0,1.0
3.56,1.309524,1.0,2.0,6.0,2.0,2.0,1.0,2.0,1.0,1.0,83.0,24.0,7.0,1.0
3.869565,3.291667,3.0,4.0,6.0,1.0,1.0,2.0,2.0,2.0,3.0,85.64,38.09,10.0,1.0
3.8,3.795455,3.0,4.0,6.0,1.0,2.0,2.0,1.0,1.0,3.0,91.03,45.69,7.0,1.0
2.833333,2.28,3.0,4.0,6.0,2.0,1.0,2.0,1.0,1.0,2.0,84.0,48.0,8.0,1.0
3.608696,2.630435,3.0,4.0,6.0,2.0,2.0,2.0,2.0,1.0,1.0,74.14,44.0,4.0,1.0
2.916667,3.416667,3.0,4.0,6.0,1.0,2.0,2.0,2.0,2.0,3.0,81.01,34.0,10.0,1.0
2.934783,2.846154,3.0,4.0,6.0,1.0,2.0,2.0,2.0,2.0,3.0,77.49,34.98,8.0,1.0
3.090909,2.981481,1.0,4.0,6.0,1.0,2.0,2.0,2.0,2.0,4.0,79.96,38.92,8.0,1.0
3.630435,4.02381,3.0,4.0,6.0,2.0,2.0,2.0,2.0,2.0,1.0,86.41,45.0,7.0,1.0
1.5,2.545455,1.0,2.0,6.0,2.0,2.0,1.0,2.0,2.0,3.0,80.0,25.0,7.0,0.0
2.913043,3.173077,3.0,2.0,6.0,1.0,2.0,1.0,1.0,2.0,5.0,80.94,29.3,8.0,1.0
2.547619,2.0,1.0,2.0,6.0,2.0,2.0,1.0,2.0,1.0,1.0,73.36,14.0,7.0,1.0
3.5,3.022727,1.0,2.0,6.0,2.0,1.0,1.0,2.0,2.0,2.0,80.0,22.0,9.0,1.0
3.238095,3.230769,3.0,4.0,6.0,2.0,2.0,2.0,1.0,2.0,1.0,79.09,32.0,8.0,1.0
3.270833,3.410714,3.0,4.0,6.0,1.0,2.0,2.0,2.0,2.0,3.0,80.8,34.57,8.0,1.0
2.318182,1.552632,3.0,2.0,6.0,2.0,2.0,1.0,2.0,1.0,2.0,78.0,23.0,4.0,1.0
4.021739,3.952381,3.0,4.0,6.0,2.0,2.0,2.0,1.0,2.0,1.0,90.19,43.0,8.0,1.0
0.285714,1.3033922799999993,1.0,2.0,6.0,2.0,1.0,1.0,2.0,1.0,2.0,93.0,23.0,7.0,0.0
4.363636,4.184211,1.0,8.0,6.0,2.0,2.0,1.0,2.0,0.0,7.0,87.33,39.0,10.0,1.0
4.052632,3.222222,1.0,2.0,6.0,2.0,1.0,1.0,1.0,0.0,2.0,87.0,38.0,9.0,1.0
3.380952,2.840909,1.0,2.0,6.0,2.0,1.0,1.0,2.0,0.0,4.0,91.0,48.0,7.0,1.0
2.5,2.452381,3.0,4.0,6.0,1.0,2.0,2.0,2.0,1.0,3.0,75.15,28.94,7.0,1.0
4.309524,4.357143,1.0,2.0,6.0,2.0,2.0,1.0,2.0,1.0,4.0,84.0,43.0,9.0,1.0
1.75,1.071429,3.0,4.0,6.0,1.0,2.0,2.0,2.0,1.0,4.0,67.63,29.12,8.0,1.0
2.964286,3.111111,1.0,2.0,6.0,2.0,2.0,1.0,1.0,2.0,3.0,86.0,29.37,9.0,1.0
3.368421,2.152174,3.0,2.0,6.0,2.0,1.0,1.0,2.0,1.0,3.0,74.0,24.0,4.0,1.0
1.0,1.380952,3.0,4.0,6.0,2.0,2.0,2.0,1.0,2.0,1.0,70.18,26.0,8.0,0.0
0.375,0.0,1.0,2.0,6.0,2.0,1.0,1.0,1.0,1.0,2.0,63.0,22.0,9.0,0.0
3.28,3.166667,1.0,1.0,6.0,2.0,1.0,1.0,2.0,1.0,1.0,90.0,31.0,9.0,1.0
1.477273,1.5,3.0,4.0,6.0,2.0,2.0,2.0,2.0,2.0,1.0,75.08,15.0,10.0,1.0
2.357143,2.45,3.0,2.0,6.0,2.0,2.0,1.0,1.0,0.0,2.0,86.0,30.0,7.0,1.0
4.045455,4.236842,1.0,2.0,6.0,2.0,2.0,1.0,2.0,1.0,2.0,92.0,38.0,9.0,1.0
4.0,3.666667,1.0,2.0,6.0,2.0,2.0,1.0,1.0,2.0,3.0,86.0,34.18,9.0,1.0
3.6,3.022727,3.0,4.0,6.0,1.0,2.0,2.0,1.0,2.0,3.0,84.23,43.71,8.0,1.0
3.571429,2.477273,3.0,4.0,6.0,1.0,2.0,2.0,2.0,1.0,4.0,80.96,42.47,4.0,1.0
3.852941,4.029412,1.0,2.0,6.0,2.0,1.0,1.0,2.0,0.0,7.0,89.18,34.0,9.0,1.0
1.964286,2.868421,3.0,4.0,6.0,2.0,2.0,2.0,2.0,2.0,1.0,72.56,44.0,10.0,1.0
3.4,3.096154,3.0,4.0,6.0,2.0,1.0,2.0,2.0,1.0,2.0,75.96,46.0,10.0,1.0
2.25,0.36908679000000005,1.0,2.0,6.0,2.0,2.0,1.0,2.0,1.0,3.0,59.0,20.0,9.0,0.0
3.204545,3.875,1.0,2.0,6.0,2.0,1.0,1.0,1.0,1.0,3.0,75.54,23.0,9.0,1.0
3.76,2.98,3.0,4.0,6.0,1.0,1.0,2.0,2.0,1.0,3.0,85.98,44.02,7.0,1.0
4.23913,4.021739,1.0,2.0,6.0,1.0,1.0,1.0,2.0,2.0,3.0,107.0,30.25,9.0,1.0
3.619048,3.565217,1.0,2.0,6.0,2.0,1.0,1.0,1.0,2.0,3.0,88.0,33.0,9.0,1.0
3.863636,3.840909,1.0,2.0,6.0,2.0,2.0,1.0,2.0,2.0,8.0,85.96,36.75,10.0,1.0
2.25,2.5293023999999997,1.0,2.0,6.0,2.0,2.0,1.0,2.0,1.0,2.0,75.0,34.0,9.0,0.0
2.472222,2.547619,3.0,4.0,6.0,1.0,2.0,2.0,2.0,1.0,3.0,74.64,28.86,7.0,1.0
1.605263,1.2508766700000007,1.0,2.0,6.0,2.0,2.0,1.0,2.0,1.0,1.0,78.0,22.0,9.0,0.0
2.941176,0.78125,1.0,2.0,6.0,2.0,2.0,1.0,2.0,1.0,1.0,68.0,26.96,9.0,1.0
3.613636,2.795455,3.0,4.0,6.0,2.0,2.0,2.0,2.0,1.0,2.0,88.0,46.0,8.0,1.0
3.375,3.047619,3.0,4.0,6.0,2.0,2.0,2.0,2.0,2.0,1.0,77.83,48.0,9.0,1.0
3.413043,2.98,3.0,4.0,6.0,1.0,2.0,2.0,2.0,2.0,3.0,75.03,44.12,10.0,1.0
3.847826,3.652174,3.0,4.0,6.0,2.0,2.0,2.0,2.0,2.0,1.0,81.26,47.0,8.0,1.0
3.62,4.145833,1.0,1.0,6.0,2.0,1.0,1.0,2.0,2.0,3.0,85.19,30.0,9.0,1.0
1.736842,0.0,1.0,2.0,6.0,2.0,2.0,1.0,2.0,1.0,2.0,64.0,19.0,7.0,1.0
3.652174,3.454545,3.0,4.0,6.0,1.0,2.0,2.0,2.0,2.0,3.0,83.23,43.61,8.0,1.0
1.52381,1.3749117499999988,1.0,2.0,6.0,2.0,2.0,1.0,2.0,2.0,5.0,71.75,36.0,9.0,0.0
1.961538,0.0,1.0,2.0,6.0,2.0,2.0,1.0,2.0,1.0,1.0,72.0,33.0,9.0,0.0
2.214286,0.6932858999999999,1.0,2.0,6.0,2.0,2.0,1.0,2.0,1.0,2.0,67.0,17.0,7.0,0.0
4.391304,4.192308,1.0,2.0,6.0,1.0,1.0,1.0,2.0,2.0,4.0,92.0,40.3,10.0,1.0
0.42,0.9861837699999996,1.0,2.0,6.0,2.0,2.0,1.0,2.0,1.0,1.0,60.0,20.79,3.0,0.0
3.057692,3.4,1.0,9.0,6.0,2.0,2.0,1.0,2.0,0.0,7.0,67.0,31.0,9.0,1.0
2.608696,2.403846,3.0,4.0,6.0,1.0,2.0,2.0,1.0,2.0,3.0,78.81,23.0,8.0,1.0
1.833333,0.75,3.0,4.0,6.0,2.0,2.0,2.0,1.0,1.0,2.0,66.0,16.0,3.0,1.0
4.095238,4.333333,1.0,2.0,6.0,2.0,2.0,1.0,1.0,2.0,3.0,97.0,40.48,10.0,1.0
4.021739,3.694444,1.0,2.0,6.0,2.0,2.0,1.0,1.0,1.0,1.0,86.0,37.0,9.0,0.0
4.304348,4.24,1.0,2.0,6.0,1.0,2.0,1.0,2.0,2.0,4.0,94.72,40.35,9.0,1.0
1.307692,1.15,1.0,2.0,6.0,2.0,2.0,1.0,2.0,0.0,1.0,63.0,18.0,7.0,1.0
0.97619,1.111111,1.0,2.0,6.0,2.0,2.0,1.0,2.0,1.0,1.0,60.0,28.98,10.0,0.0
3.304348,2.403846,3.0,4.0,6.0,1.0,2.0,2.0,2.0,1.0,3.0,79.75,30.34,7.0,1.0
4.153846,4.021739,3.0,4.0,6.0,1.0,2.0,2.0,2.0,2.0,3.0,97.66,48.0,8.0,1.0
2.214286,1.638889,1.0,2.0,6.0,2.0,2.0,1.0,2.0,1.0,2.0,61.0,23.0,7.0,1.0
2.263158,1.863636,1.0,2.0,6.0,2.0,1.0,1.0,2.0,1.0,1.0,63.0,16.0,7.0,1.0
2.425,2.565217,3.0,4.0,6.0,2.0,1.0,2.0,1.0,0.0,2.0,62.0,37.0,4.0,1.0
3.4375,3.192308,3.0,4.0,6.0,1.0,1.0,2.0,2.0,1.0,3.0,70.52,43.21,10.0,1.0
2.477273,1.54,3.0,4.0,6.0,1.0,1.0,2.0,2.0,1.0,3.0,72.58,30.91,9.0,1.0
3.847826,2.826923,3.0,4.0,6.0,1.0,2.0,2.0,2.0,1.0,3.0,78.5,42.98,10.0,1.0
3.630435,3.769231,3.0,2.0,6.0,1.0,2.0,1.0,2.0,2.0,5.0,95.0,35.46,8.0,1.0
0.78,0.32047254000000003,1.0,2.0,6.0,2.0,2.0,1.0,2.0,1.0,2.0,58.0,25.0,7.0,0.0
4.0,3.5,3.0,4.0,6.0,1.0,2.0,2.0,1.0,1.0,3.0,89.94,43.96,9.0,1.0
3.477273,3.596154,3.0,4.0,6.0,1.0,2.0,2.0,2.0,1.0,3.0,86.355,41.43,10.0,1.0
1.913043,3.25,1.0,2.0,6.0,2.0,2.0,1.0,2.0,1.0,2.0,76.0,35.0,9.0,0.0
1.352941,2.464286,1.0,2.0,6.0,2.0,1.0,1.0,2.0,1.0,6.0,62.0,22.0,3.0,1.0
3.0,3.16,3.0,4.0,6.0,1.0,2.0,2.0,2.0,2.0,4.0,84.75,37.04,8.0,1.0
1.928571,2.807692,3.0,4.0,6.0,2.0,1.0,2.0,2.0,1.0,2.0,67.0,44.0,8.0,1.0
4.363636,4.431818,1.0,2.0,6.0,2.0,1.0,1.0,2.0,2.0,5.0,84.29,47.0,9.0,1.0
2.947368,2.388889,1.0,2.0,6.0,2.0,2.0,1.0,2.0,1.0,2.0,76.0,16.0,9.0,1.0
2.46875,1.383810660000001,1.0,2.0,6.0,2.0,2.0,1.0,2.0,1.0,2.0,70.0,27.68,7.0,0.0
2.552632,1.615385,1.0,2.0,6.0,2.0,2.0,1.0,2.0,1.0,3.0,78.0,29.0,9.0,1.0
4.090909,4.0,1.0,2.0,6.0,2.0,1.0,1.0,2.0,1.0,1.0,90.0,31.0,9.0,1.0
3.5625,3.729167,3.0,4.0,6.0,2.0,2.0,2.0,2.0,2.0,1.0,87.6625,47.0,8.0,1.0
0.52,1.1238260499999995,3.0,2.0,6.0,2.0,2.0,1.0,2.0,0.0,4.0,60.0,32.0,4.0,0.0
0.0,1.727273,1.0,2.0,6.0,2.0,2.0,1.0,2.0,0.0,4.0,89.0,14.0,3.0,1.0
3.525,3.021739,1.0,2.0,6.0,2.0,2.0,1.0,2.0,1.0,2.0,88.0,36.0,9.0,1.0
2.75,3.0,3.0,4.0,6.0,1.0,2.0,2.0,2.0,2.0,3.0,76.1,41.04,8.0,1.0
2.916667,2.35,3.0,2.0,6.0,2.0,2.0,1.0,2.0,1.0,2.0,78.0,40.0,8.0,1.0
3.608696,3.611111,1.0,2.0,6.0,2.0,1.0,1.0,2.0,1.0,1.0,85.0,40.0,9.0,1.0
2.657895,1.5625,1.0,2.0,6.0,2.0,2.0,1.0,2.0,1.0,2.0,73.0,27.0,9.0,1.0
4.347826,4.06,1.0,2.0,6.0,1.0,1.0,1.0,1.0,2.0,3.0,102.0,33.31,9.0,1.0
2.86,2.375,3.0,4.0,6.0,1.0,2.0,2.0,2.0,1.0,3.0,65.46,35.21,10.0,1.0
2.52381,1.1806404983333336,1.0,2.0,6.0,2.0,2.0,1.0,2.0,1.0,1.0,84.0,35.0,9.0,0.0
2.8,2.75,1.0,2.0,6.0,2.0,1.0,1.0,1.0,1.0,1.0,86.0,20.0,7.0,1.0
3.547619,3.022727,1.0,2.0,6.0,2.0,2.0,1.0,2.0,1.0,1.0,84.0,21.0,8.0,1.0
2.681818,2.340909,3.0,4.0,6.0,1.0,2.0,2.0,2.0,1.0,3.0,67.42,38.58,10.0,1.0
3.25,2.673077,3.0,2.0,6.0,2.0,2.0,1.0,2.0,1.0,2.0,71.0,36.0,4.0,1.0
3.645833,2.717391,1.0,2.0,6.0,2.0,2.0,1.0,2.0,1.0,2.0,67.0,23.0,7.0,1.0
1.62,1.5,1.0,2.0,6.0,2.0,2.0,1.0,2.0,1.0,1.0,75.0,19.0,7.0,1.0
3.895833,2.86,3.0,4.0,6.0,1.0,2.0,2.0,2.0,1.0,3.0,84.4,41.87,9.0,1.0
1.125,2.0,3.0,2.0,6.0,2.0,1.0,1.0,2.0,0.0,3.0,69.51,36.0,8.0,1.0
4.019231,4.23913,1.0,2.0,6.0,1.0,2.0,1.0,2.0,2.0,3.0,103.0,36.77,9.0,1.0
2.96,3.26,1.0,2.0,6.0,2.0,1.0,1.0,1.0,1.0,3.0,83.0,47.0,9.0,1.0
2.547619,0.25,1.0,2.0,6.0,2.0,2.0,1.0,2.0,1.0,2.0,75.0,35.0,9.0,1.0
3.1875,3.634615,3.0,4.0,6.0,1.0,2.0,2.0,2.0,2.0,3.0,81.69,43.24,10.0,1.0
0.0,0.0,3.0,2.0,6.0,2.0,2.0,1.0,2.0,1.0,2.0,77.0,39.0,9.0,0.0
3.909091,3.604167,1.0,2.0,6.0,2.0,2.0,1.0,1.0,2.0,3.0,84.0,38.0,9.0,1.0
1.782609,2.138889,3.0,4.0,6.0,2.0,2.0,2.0,1.0,1.0,2.0,72.02,13.0,4.0,1.0
1.388889,1.111111,1.0,2.0,6.0,2.0,1.0,1.0,2.0,0.0,4.0,64.48,39.0,10.0,1.0
3.804348,3.645833,3.0,4.0,6.0,1.0,2.0,2.0,1.0,2.0,3.0,88.56,45.08,10.0,1.0
3.583333,2.526316,3.0,8.0,6.0,2.0,2.0,1.0,2.0,0.0,8.0,82.72,49.0,10.0,1.0
1.119048,0.785714,1.0,2.0,6.0,2.0,2.0,1.0,2.0,1.0,2.0,63.0,35.0,7.0,1.0
0.0,0.5679191299999999,1.0,2.0,6.0,2.0,1.0,1.0,1.0,1.0,1.0,64.0,18.0,7.0,0.0
2.173913,2.157895,3.0,4.0,6.0,2.0,2.0,2.0,2.0,1.0,2.0,56.78,36.0,8.0,1.0
2.333333,1.972222,3.0,4.0,6.0,1.0,2.0,2.0,2.0,2.0,3.0,75.85,30.1,4.0,1.0
2.142857,1.947368,1.0,2.0,6.0,2.0,2.0,1.0,2.0,2.0,3.0,70.24,33.0,10.0,1.0
2.642857,2.181818,3.0,2.0,6.0,2.0,2.0,1.0,2.0,0.0,3.0,44.0,24.46,4.0,1.0
2.92,3.240741,3.0,4.0,6.0,1.0,2.0,2.0,1.0,1.0,3.0,81.39,35.33,3.0,1.0
2.409091,3.365385,3.0,4.0,6.0,1.0,1.0,2.0,2.0,1.0,3.0,77.56,39.79,9.0,1.0
3.309524,2.847826,3.0,2.0,6.0,2.0,1.0,1.0,1.0,1.0,2.0,71.0,29.0,7.0,1.0
4.5,4.384615,3.0,4.0,6.0,2.0,2.0,2.0,2.0,0.0,2.0,97.35,46.0,4.0,1.0
2.583333,2.865385,3.0,4.0,6.0,1.0,2.0,2.0,2.0,2.0,3.0,77.23,39.94,8.0,1.0
2.947368,3.111111,1.0,2.0,6.0,2.0,2.0,1.0,1.0,0.0,3.0,80.88,27.0,9.0,1.0
2.9,2.4,3.0,2.0,6.0,2.0,2.0,1.0,2.0,1.0,2.0,71.0,29.0,7.0,1.0
2.975,2.75,1.0,2.0,6.0,2.0,2.0,1.0,2.0,1.0,1.0,79.0,29.0,9.0,1.0
3.652174,3.62,1.0,2.0,6.0,2.0,1.0,1.0,2.0,2.0,3.0,68.0,29.0,7.0,1.0
2.0,1.863636,1.0,2.0,6.0,2.0,2.0,1.0,2.0,0.0,3.0,67.3,14.0,3.0,1.0
0.97619,0.0,1.0,2.0,6.0,2.0,2.0,1.0,2.0,1.0,1.0,74.0,45.0,9.0,0.0
3.580704669999997,3.7537684399999955,1.0,2.0,6.0,2.0,1.0,1.0,2.0,1.0,4.0,108.0,49.0,9.0,0.0
2.0,1.909091,1.0,2.0,6.0,2.0,1.0,1.0,2.0,1.0,1.0,70.0,38.0,9.0,1.0
2.55,3.294118,3.0,2.0,6.0,2.0,2.0,1.0,1.0,1.0,3.0,79.0,21.0,10.0,1.0
2.083333,2.019231,3.0,4.0,6.0,1.0,2.0,2.0,1.0,1.0,3.0,69.14,31.77,8.0,1.0
2.263158,1.3191759750000003,1.0,2.0,6.0,2.0,2.0,1.0,2.0,1.0,1.0,83.0,23.0,9.0,0.0
3.977273,4.043478,1.0,2.0,6.0,2.0,2.0,1.0,2.0,1.0,1.0,92.0,43.0,9.0,1.0
1.269231,0.266667,1.0,2.0,6.0,2.0,2.0,1.0,2.0,1.0,1.0,62.0,16.0,8.0,1.0
4.173913,4.02,1.0,2.0,6.0,1.0,1.0,1.0,2.0,2.0,5.0,98.31,38.98,9.0,1.0
1.863636,2.428571,1.0,2.0,6.0,2.0,2.0,1.0,2.0,1.0,1.0,64.0,11.0,3.0,1.0
3.380952,2.5,1.0,2.0,6.0,2.0,2.0,1.0,2.0,1.0,2.0,97.0,19.0,10.0,1.0
3.543478,3.692308,3.0,4.0,6.0,1.0,2.0,2.0,2.0,2.0,3.0,86.795,41.43,8.0,1.0
4.363636,3.736842,1.0,2.0,6.0,2.0,2.0,1.0,2.0,1.0,1.0,96.0,28.0,9.0,1.0
2.978261,2.769231,1.0,4.0,6.0,1.0,1.0,2.0,1.0,2.0,3.0,82.73,28.0,8.0,1.0
4.214286,3.772727,1.0,2.0,6.0,2.0,2.0,1.0,1.0,2.0,4.0,92.0,43.0,9.0,1.0
0.0,0.0,1.0,2.0,6.0,2.0,2.0,1.0,2.0,1.0,1.0,68.0,23.0,9.0,0.0
0.4985762100000002,0.38758849000000006,3.0,2.0,6.0,2.0,1.0,1.0,2.0,1.0,2.0,60.0,13.0,3.0,0.0
4.2,3.631579,1.0,2.0,6.0,2.0,1.0,1.0,2.0,1.0,2.0,90.0,35.0,9.0,1.0
3.565217,3.403846,3.0,4.0,6.0,1.0,2.0,2.0,1.0,1.0,3.0,85.84,41.56,7.0,1.0
3.94,4.022727,1.0,2.0,6.0,2.0,1.0,1.0,1.0,2.0,3.0,87.33,25.0,9.0,1.0
0.0,1.8027521389999983,3.0,4.0,6.0,2.0,2.0,2.0,2.0,2.0,2.0,75.46,29.79,7.0,0.0
0.0,1.8027521389999983,3.0,4.0,6.0,1.0,2.0,2.0,2.0,0.0,4.0,77.81,29.31,7.0,0.0
0.0,0.0,3.0,8.0,6.0,2.0,2.0,1.0,2.0,0.0,3.0,40.70695238095239,16.0,7.0,0.0
4.09375,1.022727,3.0,2.0,6.0,2.0,1.0,1.0,2.0,1.0,3.0,77.0,44.0,9.0,0.0
0.5,2.81306296883333,3.0,4.0,6.0,1.0,2.0,2.0,2.0,2.0,3.0,78.52,37.14,10.0,0.0
4.282609,4.027778,3.0,4.0,6.0,2.0,2.0,2.0,2.0,2.0,2.0,91.0,45.0,10.0,1.0
4.369565,4.461538,1.0,2.0,6.0,1.0,2.0,1.0,2.0,2.0,4.0,96.0,35.5,9.0,1.0
1.647059,1.869565,3.0,4.0,6.0,2.0,2.0,2.0,2.0,1.0,1.0,74.17,34.0,8.0,1.0
1.176471,1.8027521389999983,3.0,4.0,6.0,1.0,2.0,2.0,1.0,2.0,3.0,76.02,25.15,7.0,0.0
0.0,0.0,1.0,2.0,6.0,2.0,1.0,1.0,2.0,1.0,2.0,67.0,34.0,7.0,1.0
0.18,0.0,1.0,2.0,6.0,2.0,2.0,1.0,2.0,1.0,3.0,54.0,17.0,7.0,0.0
4.261905,3.704545,3.0,2.0,6.0,2.0,1.0,1.0,2.0,2.0,6.0,91.01,49.0,8.0,1.0
2.7,1.944444,1.0,2.0,6.0,2.0,1.0,1.0,1.0,2.0,3.0,90.0,37.0,9.0,1.0
2.454545,1.695652,3.0,2.0,6.0,2.0,2.0,1.0,2.0,1.0,2.0,73.0,35.0,4.0,0.0
3.526316,3.1,1.0,2.0,6.0,2.0,2.0,1.0,2.0,1.0,1.0,79.0,28.78,9.0,1.0
1.82,2.777778,1.0,2.0,6.0,2.0,2.0,1.0,2.0,1.0,1.0,57.0,28.23,9.0,1.0
2.0,0.0,3.0,4.0,6.0,2.0,2.0,2.0,1.0,2.0,2.0,64.04,22.0,4.0,0.0
1.676471,2.6,1.0,2.0,6.0,2.0,2.0,1.0,2.0,1.0,2.0,67.0,28.83,9.0,1.0
2.1,1.75,1.0,2.0,6.0,2.0,2.0,1.0,2.0,1.0,1.0,72.0,21.0,7.0,1.0
3.673077,3.782609,3.0,4.0,6.0,1.0,2.0,2.0,2.0,2.0,3.0,91.74,45.67,10.0,1.0
4.5,2.126824406000002,1.0,2.0,6.0,2.0,1.0,1.0,2.0,1.0,4.0,90.0,42.0,9.0,0.0
2.117647,1.9,3.0,4.0,6.0,2.0,2.0,2.0,2.0,1.0,2.0,77.71,28.0,7.0,0.0
0.0,1.5675838999999998,3.0,4.0,6.0,2.0,2.0,2.0,2.0,1.0,3.0,72.77,42.0,1.0,0.0
1.933333,2.770833,3.0,4.0,6.0,2.0,2.0,2.0,2.0,2.0,2.0,64.75,34.0,8.0,1.0
2.173913,3.02381,3.0,4.0,6.0,1.0,2.0,2.0,2.0,2.0,3.0,68.49,42.25,10.0,1.0
1.173913,1.5819487599999997,1.0,1.0,6.0,2.0,1.0,1.0,2.0,1.0,1.0,71.0,15.0,7.0,0.0
2.526316,2.368421,3.0,2.0,6.0,2.0,2.0,1.0,2.0,0.0,2.0,75.0,25.0,7.0,1.0
1.55,2.184211,1.0,2.0,6.0,2.0,2.0,1.0,2.0,1.0,1.0,76.0,28.0,7.0,1.0
3.869565,3.071429,3.0,2.0,6.0,2.0,1.0,1.0,2.0,2.0,5.0,79.41,34.0,8.0,0.0
4.136364,3.804348,1.0,2.0,6.0,2.0,2.0,1.0,2.0,1.0,3.0,75.0,48.0,9.0,1.0
4.38,4.26087,3.0,4.0,6.0,1.0,2.0,2.0,2.0,1.0,3.0,88.49,48.15,8.0,1.0
3.4,3.386364,3.0,4.0,6.0,1.0,2.0,2.0,1.0,2.0,4.0,83.54,41.45,8.0,1.0
4.25,4.090909,1.0,2.0,6.0,2.0,1.0,1.0,2.0,2.0,3.0,91.0,30.0,9.0,1.0
2.547619,0.78925182,1.0,2.0,6.0,2.0,2.0,1.0,2.0,2.0,3.0,74.0,13.0,7.0,0.0
1.725,1.75,3.0,4.0,6.0,1.0,2.0,2.0,2.0,2.0,3.0,71.56,25.04,4.0,1.0
2.1,1.428571,1.0,2.0,6.0,2.0,2.0,1.0,2.0,1.0,2.0,69.0,27.0,7.0,1.0
1.884615,0.882353,3.0,4.0,6.0,2.0,2.0,2.0,2.0,2.0,2.0,72.99,28.0,8.0,1.0
0.0,2.81306296883333,3.0,4.0,6.0,1.0,2.0,2.0,1.0,1.0,3.0,77.97,39.67,10.0,0.0
3.704545,3.263158,1.0,2.0,6.0,2.0,2.0,1.0,2.0,2.0,4.0,84.22,32.0,10.0,1.0
3.586957,3.38,3.0,4.0,6.0,1.0,2.0,2.0,2.0,2.0,3.0,82.59,42.41,10.0,1.0
2.190476,2.62,1.0,8.0,6.0,1.0,1.0,1.0,2.0,2.0,7.0,63.22,40.0,10.0,1.0
1.972222,2.1875,3.0,2.0,6.0,2.0,1.0,1.0,2.0,1.0,7.0,71.0,24.82,4.0,1.0
3.833333,3.980769,3.0,4.0,6.0,1.0,1.0,2.0,2.0,1.0,3.0,94.26,46.19,10.0,1.0
3.869565,3.909091,1.0,2.0,6.0,2.0,1.0,1.0,1.0,2.0,4.0,87.89,26.0,9.0,1.0
2.75,3.0,1.0,2.0,6.0,2.0,2.0,1.0,2.0,1.0,1.0,78.0,21.0,7.0,1.0
4.369565,4.5,1.0,2.0,6.0,2.0,1.0,1.0,1.0,2.0,3.0,88.0,34.0,9.0,1.0
4.25,4.0,1.0,2.0,6.0,1.0,2.0,1.0,2.0,2.0,4.0,99.5,42.04,8.0,1.0
2.714286,3.027778,1.0,2.0,6.0,2.0,1.0,1.0,1.0,0.0,4.0,77.0,25.0,9.0,1.0
2.5,2.4,3.0,2.0,6.0,2.0,2.0,1.0,2.0,1.0,2.0,72.0,36.0,4.0,1.0
0.5,0.8902522399999999,1.0,2.0,6.0,2.0,1.0,1.0,1.0,1.0,1.0,66.0,15.0,10.0,0.0
2.6,2.619048,3.0,4.0,6.0,1.0,2.0,2.0,1.0,2.0,3.0,73.74,35.92,10.0,1.0
2.725,2.659091,3.0,4.0,6.0,1.0,2.0,2.0,2.0,2.0,3.0,79.54,32.47,4.0,1.0
3.347826,3.18,3.0,4.0,6.0,1.0,2.0,2.0,2.0,2.0,3.0,77.49,40.71,8.0,1.0
3.21875,2.058824,1.0,2.0,6.0,2.0,2.0,1.0,2.0,1.0,3.0,59.0,21.0,9.0,1.0
2.1875,1.5,1.0,2.0,6.0,2.0,2.0,1.0,2.0,1.0,1.0,72.0,22.0,9.0,1.0
3.613636,3.157895,1.0,2.0,6.0,2.0,2.0,1.0,2.0,1.0,2.0,91.0,48.0,9.0,1.0
2.642857,2.75,1.0,2.0,6.0,2.0,2.0,1.0,1.0,1.0,1.0,75.0,35.0,9.0,0.0
1.275,0.42,3.0,4.0,6.0,1.0,2.0,2.0,2.0,1.0,3.0,64.03,18.59,7.0,1.0
3.333333,3.673077,3.0,4.0,6.0,1.0,2.0,2.0,2.0,1.0,3.0,79.15,37.34,7.0,1.0
1.833333,3.3125,1.0,2.0,6.0,2.0,1.0,1.0,2.0,1.0,1.0,89.0,22.0,9.0,1.0
3.05,2.547619,3.0,4.0,6.0,1.0,2.0,2.0,1.0,1.0,3.0,78.67,32.34,9.0,1.0
1.095238,0.28575625000000004,1.0,2.0,6.0,2.0,2.0,1.0,2.0,0.0,3.0,59.77,20.0,7.0,0.0
2.605263,1.222222,1.0,2.0,6.0,2.0,1.0,1.0,2.0,1.0,1.0,77.0,30.0,9.0,1.0
3.166667,2.777778,3.0,2.0,6.0,2.0,1.0,1.0,2.0,2.0,7.0,85.72,45.0,8.0,0.0
0.0,0.45696719,1.0,2.0,6.0,2.0,2.0,1.0,2.0,1.0,2.0,67.0,27.0,9.0,0.0
3.92,3.942308,3.0,4.0,6.0,1.0,1.0,2.0,2.0,1.0,4.0,94.91,45.92,10.0,1.0
2.305556,1.5,1.0,2.0,6.0,2.0,1.0,1.0,1.0,1.0,1.0,75.0,24.71,8.0,1.0
2.92,0.43486160999999995,1.0,8.0,6.0,2.0,2.0,1.0,2.0,0.0,8.0,78.81,21.0,7.0,0.0
0.0,2.451881790000002,1.0,2.0,6.0,2.0,2.0,1.0,2.0,1.0,4.0,85.0,25.2,9.0,0.0
2.921053,2.588235,1.0,2.0,6.0,2.0,1.0,1.0,2.0,2.0,4.0,56.0,28.0,7.0,1.0
0.0,0.7828072899999998,1.0,2.0,6.0,2.0,2.0,1.0,2.0,1.0,1.0,65.0,19.0,9.0,0.0
3.065217,3.066667,1.0,2.0,6.0,2.0,2.0,1.0,2.0,1.0,1.0,78.0,22.0,9.0,1.0
2.333333,1.74,3.0,4.0,6.0,2.0,2.0,2.0,2.0,0.0,4.0,71.77,37.0,10.0,0.0
2.21875,2.775,1.0,2.0,6.0,2.0,1.0,1.0,1.0,2.0,5.0,61.0,19.0,9.0,1.0
4.130435,3.88,3.0,4.0,6.0,1.0,2.0,2.0,2.0,2.0,3.0,93.98,46.16,10.0,1.0
3.75,2.910714,3.0,4.0,6.0,1.0,2.0,2.0,2.0,2.0,3.0,83.9,43.45,8.0,1.0
1.394737,0.631579,3.0,2.0,6.0,2.0,1.0,1.0,2.0,2.0,2.0,72.0,24.0,4.0,1.0
3.452381,3.636364,1.0,2.0,6.0,2.0,2.0,1.0,1.0,2.0,5.0,82.34,39.0,4.0,1.0
1.645833,0.0,1.0,2.0,6.0,2.0,1.0,1.0,2.0,1.0,2.0,83.0,42.0,9.0,0.0
2.325,2.575,3.0,4.0,6.0,2.0,2.0,2.0,2.0,2.0,3.0,73.73,26.15,8.0,1.0
1.5297114625000012,2.3888337899999983,1.0,2.0,6.0,2.0,2.0,1.0,2.0,2.0,4.0,78.82,25.0,9.0,0.0
2.522727,0.0,1.0,2.0,6.0,2.0,2.0,1.0,2.0,1.0,6.0,72.0,39.0,9.0,0.0
4.2,4.375,1.0,8.0,6.0,2.0,1.0,1.0,2.0,2.0,7.0,85.2,50.0,8.0,1.0
0.391304,1.03836364,1.0,8.0,6.0,2.0,2.0,1.0,1.0,0.0,7.0,69.0,33.0,9.0,0.0
3.22,1.875,1.0,2.0,6.0,2.0,2.0,1.0,2.0,1.0,2.0,77.0,35.0,7.0,1.0
3.26087,3.096154,3.0,2.0,6.0,1.0,2.0,1.0,2.0,2.0,7.0,79.83,36.42,8.0,1.0
2.391304,2.763158,3.0,4.0,6.0,2.0,2.0,2.0,2.0,2.0,2.0,73.23,13.0,8.0,1.0
4.0,4.333333,1.0,8.0,6.0,2.0,2.0,1.0,2.0,1.0,5.0,74.0,16.0,9.0,1.0
0.652174,1.665125039666666,1.0,2.0,6.0,2.0,2.0,1.0,2.0,1.0,2.0,78.0,31.0,7.0,0.0
2.891304,2.846154,3.0,4.0,6.0,1.0,2.0,2.0,2.0,1.0,3.0,77.99,34.05,9.0,1.0
3.25,2.413043,1.0,2.0,6.0,2.0,2.0,1.0,2.0,1.0,1.0,81.0,31.59,7.0,1.0
1.315789,0.0,1.0,2.0,6.0,2.0,1.0,1.0,2.0,1.0,3.0,64.0,28.0,9.0,0.0
3.738095,1.9384582199999998,1.0,2.0,6.0,2.0,2.0,1.0,2.0,2.0,3.0,58.0,21.0,7.0,1.0
3.675,3.5,1.0,2.0,6.0,1.0,2.0,1.0,1.0,2.0,3.0,96.0,32.01,9.0,1.0
1.869565,2.375,1.0,2.0,6.0,2.0,1.0,1.0,1.0,1.0,1.0,73.0,23.0,7.0,1.0
3.357143,3.347826,1.0,2.0,6.0,2.0,1.0,1.0,1.0,2.0,4.0,79.84,30.0,9.0,1.0
3.695652,3.952381,3.0,4.0,6.0,2.0,2.0,2.0,2.0,2.0,2.0,88.85,42.0,8.0,1.0
4.36,4.074074,1.0,2.0,6.0,1.0,1.0,1.0,1.0,2.0,4.0,99.28,41.69,10.0,1.0
2.020833,2.45,1.0,2.0,6.0,2.0,1.0,1.0,2.0,1.0,1.0,78.0,18.0,9.0,1.0
2.133333,3.205882,1.0,2.0,6.0,2.0,2.0,1.0,1.0,1.0,1.0,81.0,27.0,9.0,1.0
